ScenarioID,CountryID,TechID,JSTypeVSMID,TechDescription,TransTypeID,VehTypeID,MassCatID,VKM
1,9,10.0,1,Road-Average moto-Conventional (pre-EURO)-Passenger Transport,1.0,2.0,4.0,5.568075339944617
1,9,10.0,2,Road-Average moto-Conventional (pre-EURO)-Passenger Transport,1.0,2.0,4.0,1.1620480177046175
1,9,10.0,3,Road-Average moto-Conventional (pre-EURO)-Passenger Transport,1.0,2.0,4.0,1.6516066090646164
1,9,30.0,1,Road-Average moto-Euro 1 (1992-96)-Passenger Transport,1.0,2.0,4.0,0.2753767076399999
1,9,30.0,2,Road-Average moto-Euro 1 (1992-96)-Passenger Transport,1.0,2.0,4.0,0.0
1,9,30.0,3,Road-Average moto-Euro 1 (1992-96)-Passenger Transport,1.0,2.0,4.0,0.0305974119599999
1,9,40.0,1,Road-Average moto-Euro 2 (1996-2001)-Passenger Transport,1.0,2.0,4.0,0.2753767076399999
1,9,40.0,2,Road-Average moto-Euro 2 (1996-2001)-Passenger Transport,1.0,2.0,4.0,0.0
1,9,40.0,3,Road-Average moto-Euro 2 (1996-2001)-Passenger Transport,1.0,2.0,4.0,0.0305974119599999
1,9,70.0,1,Road-Small (car)-Conventional (pre-EURO)-Passenger Transport,1.0,3.0,1.0,0.0974987871
1,9,70.0,2,Road-Small (car)-Conventional (pre-EURO)-Passenger Transport,1.0,3.0,1.0,0.04874939355
1,9,70.0,3,Road-Small (car)-Conventional (pre-EURO)-Passenger Transport,1.0,3.0,1.0,0.04874939355
1,9,80.0,1,Road-Small (car)-Euro 5 (2009-14)-Passenger Transport,1.0,3.0,1.0,0.0974987871
1,9,80.0,2,Road-Small (car)-Euro 5 (2009-14)-Passenger Transport,1.0,3.0,1.0,0.04874939355
1,9,80.0,3,Road-Small (car)-Euro 5 (2009-14)-Passenger Transport,1.0,3.0,1.0,0.04874939355
1,9,81.0,1,Road-Small (car)-Euro 6 (2015-19)-Passenger Transport,1.0,3.0,1.0,0.0974987871
1,9,81.0,2,Road-Small (car)-Euro 6 (2015-19)-Passenger Transport,1.0,3.0,1.0,0.04874939355
1,9,81.0,3,Road-Small (car)-Euro 6 (2015-19)-Passenger Transport,1.0,3.0,1.0,0.04874939355
1,9,90.0,1,Road-Small (car)-Euro 1 (1992-96)-Passenger Transport,1.0,3.0,1.0,0.0974987871
1,9,90.0,2,Road-Small (car)-Euro 1 (1992-96)-Passenger Transport,1.0,3.0,1.0,0.04874939355
1,9,90.0,3,Road-Small (car)-Euro 1 (1992-96)-Passenger Transport,1.0,3.0,1.0,0.04874939355
1,9,100.0,1,Road-Small (car)-Euro 2 (1996-2001)-Passenger Transport,1.0,3.0,1.0,0.0974987871
1,9,100.0,2,Road-Small (car)-Euro 2 (1996-2001)-Passenger Transport,1.0,3.0,1.0,0.04874939355
1,9,100.0,3,Road-Small (car)-Euro 2 (1996-2001)-Passenger Transport,1.0,3.0,1.0,0.04874939355
1,9,110.0,1,Road-Small (car)-Euro 3 (2001-05)-Passenger Transport,1.0,3.0,1.0,0.0974987871
1,9,110.0,2,Road-Small (car)-Euro 3 (2001-05)-Passenger Transport,1.0,3.0,1.0,0.04874939355
1,9,110.0,3,Road-Small (car)-Euro 3 (2001-05)-Passenger Transport,1.0,3.0,1.0,0.04874939355
1,9,120.0,1,Road-Small (car)-Euro 4 (2005-09)-Passenger Transport,1.0,3.0,1.0,0.0974987871
1,9,120.0,2,Road-Small (car)-Euro 4 (2005-09)-Passenger Transport,1.0,3.0,1.0,0.04874939355
1,9,120.0,3,Road-Small (car)-Euro 4 (2005-09)-Passenger Transport,1.0,3.0,1.0,0.04874939355
1,9,130.0,1,Road-Medium (car)-Conventional (pre-EURO)-Passenger Transport,1.0,3.0,2.0,0.0194065032857142
1,9,130.0,2,Road-Medium (car)-Conventional (pre-EURO)-Passenger Transport,1.0,3.0,2.0,0.0097032516428571
1,9,130.0,3,Road-Medium (car)-Conventional (pre-EURO)-Passenger Transport,1.0,3.0,2.0,0.0097032516428571
1,9,140.0,1,Road-Medium (car)-Euro 5 (2009-14)-Passenger Transport,1.0,3.0,2.0,0.0194065032857142
1,9,140.0,2,Road-Medium (car)-Euro 5 (2009-14)-Passenger Transport,1.0,3.0,2.0,0.0097032516428571
1,9,140.0,3,Road-Medium (car)-Euro 5 (2009-14)-Passenger Transport,1.0,3.0,2.0,0.0097032516428571
1,9,150.0,1,Road-Medium (car)-Euro 1 (1992-96)-Passenger Transport,1.0,3.0,2.0,0.0194065032857142
1,9,150.0,2,Road-Medium (car)-Euro 1 (1992-96)-Passenger Transport,1.0,3.0,2.0,0.0097032516428571
1,9,150.0,3,Road-Medium (car)-Euro 1 (1992-96)-Passenger Transport,1.0,3.0,2.0,0.0097032516428571
1,9,160.0,1,Road-Medium (car)-Euro 2 (1996-2001)-Passenger Transport,1.0,3.0,2.0,0.0194065032857142
1,9,160.0,2,Road-Medium (car)-Euro 2 (1996-2001)-Passenger Transport,1.0,3.0,2.0,0.0097032516428571
1,9,160.0,3,Road-Medium (car)-Euro 2 (1996-2001)-Passenger Transport,1.0,3.0,2.0,0.0097032516428571
1,9,170.0,1,Road-Medium (car)-Euro 3 (2001-05)-Passenger Transport,1.0,3.0,2.0,0.0194065032857142
1,9,170.0,2,Road-Medium (car)-Euro 3 (2001-05)-Passenger Transport,1.0,3.0,2.0,0.0097032516428571
1,9,170.0,3,Road-Medium (car)-Euro 3 (2001-05)-Passenger Transport,1.0,3.0,2.0,0.0097032516428571
1,9,171.0,1,Road-Medium (car)-Euro 6 (2015-19)-Passenger Transport,1.0,3.0,2.0,0.0194065032857142
1,9,171.0,2,Road-Medium (car)-Euro 6 (2015-19)-Passenger Transport,1.0,3.0,2.0,0.0097032516428571
1,9,171.0,3,Road-Medium (car)-Euro 6 (2015-19)-Passenger Transport,1.0,3.0,2.0,0.0097032516428571
1,9,181.0,1,Road-Medium (car)-Euro 4 (2005-09)-Passenger Transport,1.0,3.0,2.0,0.0194065032857142
1,9,181.0,2,Road-Medium (car)-Euro 4 (2005-09)-Passenger Transport,1.0,3.0,2.0,0.0097032516428571
1,9,181.0,3,Road-Medium (car)-Euro 4 (2005-09)-Passenger Transport,1.0,3.0,2.0,0.0097032516428571
1,9,190.0,1,Road-Large (car)-Conventional (pre-EURO)-Passenger Transport,1.0,3.0,3.0,0.0021794837571428
1,9,190.0,2,Road-Large (car)-Conventional (pre-EURO)-Passenger Transport,1.0,3.0,3.0,0.0010897418785714
1,9,190.0,3,Road-Large (car)-Conventional (pre-EURO)-Passenger Transport,1.0,3.0,3.0,0.0010897418785714
1,9,200.0,1,Road-Large (car)-Euro 5 (2009-14)-Passenger Transport,1.0,3.0,3.0,0.0021794837571428
1,9,200.0,2,Road-Large (car)-Euro 5 (2009-14)-Passenger Transport,1.0,3.0,3.0,0.0010897418785714
1,9,200.0,3,Road-Large (car)-Euro 5 (2009-14)-Passenger Transport,1.0,3.0,3.0,0.0010897418785714
1,9,210.0,1,Road-Large (car)-Euro 1 (1992-96)-Passenger Transport,1.0,3.0,3.0,0.0021794837571428
1,9,210.0,2,Road-Large (car)-Euro 1 (1992-96)-Passenger Transport,1.0,3.0,3.0,0.0010897418785714
1,9,210.0,3,Road-Large (car)-Euro 1 (1992-96)-Passenger Transport,1.0,3.0,3.0,0.0010897418785714
1,9,220.0,1,Road-Large (car)-Euro 2 (1996-2001)-Passenger Transport,1.0,3.0,3.0,0.0021794837571428
1,9,220.0,2,Road-Large (car)-Euro 2 (1996-2001)-Passenger Transport,1.0,3.0,3.0,0.0010897418785714
1,9,220.0,3,Road-Large (car)-Euro 2 (1996-2001)-Passenger Transport,1.0,3.0,3.0,0.0010897418785714
1,9,230.0,1,Road-Large (car)-Euro 3 (2001-05)-Passenger Transport,1.0,3.0,3.0,0.0021794837571428
1,9,230.0,2,Road-Large (car)-Euro 3 (2001-05)-Passenger Transport,1.0,3.0,3.0,0.0010897418785714
1,9,230.0,3,Road-Large (car)-Euro 3 (2001-05)-Passenger Transport,1.0,3.0,3.0,0.0010897418785714
1,9,240.0,1,Road-Large (car)-Euro 4 (2005-09)-Passenger Transport,1.0,3.0,3.0,0.0021794837571428
1,9,240.0,2,Road-Large (car)-Euro 4 (2005-09)-Passenger Transport,1.0,3.0,3.0,0.0010897418785714
1,9,240.0,3,Road-Large (car)-Euro 4 (2005-09)-Passenger Transport,1.0,3.0,3.0,0.0010897418785714
1,9,245.0,1,Road-Large (car)-Euro 6 (2015-19)-Passenger Transport,1.0,3.0,3.0,0.0021794837571428
1,9,245.0,2,Road-Large (car)-Euro 6 (2015-19)-Passenger Transport,1.0,3.0,3.0,0.0010897418785714
1,9,245.0,3,Road-Large (car)-Euro 6 (2015-19)-Passenger Transport,1.0,3.0,3.0,0.0010897418785714
1,9,250.0,1,Road-Medium (car)-Conventional (pre-EURO)-Passenger Transport,1.0,3.0,2.0,0.0016632647571428
1,9,250.0,2,Road-Medium (car)-Conventional (pre-EURO)-Passenger Transport,1.0,3.0,2.0,0.0008316323785714
1,9,250.0,3,Road-Medium (car)-Conventional (pre-EURO)-Passenger Transport,1.0,3.0,2.0,0.0008316323785714
1,9,251.0,1,Road-Medium (car)-Euro 6 (2015-19)-Passenger Transport,1.0,3.0,2.0,0.0016632647571428
1,9,251.0,2,Road-Medium (car)-Euro 6 (2015-19)-Passenger Transport,1.0,3.0,2.0,0.0008316323785714
1,9,251.0,3,Road-Medium (car)-Euro 6 (2015-19)-Passenger Transport,1.0,3.0,2.0,0.0008316323785714
1,9,260.0,1,Road-Medium (car)-Euro 5 (2009-14)-Passenger Transport,1.0,3.0,2.0,0.0016632647571428
1,9,260.0,2,Road-Medium (car)-Euro 5 (2009-14)-Passenger Transport,1.0,3.0,2.0,0.0008316323785714
1,9,260.0,3,Road-Medium (car)-Euro 5 (2009-14)-Passenger Transport,1.0,3.0,2.0,0.0008316323785714
1,9,265.0,1,Road-Small (car)-Conventional (pre-EURO)-Passenger Transport,1.0,3.0,1.0,0.0023643715714285
1,9,265.0,2,Road-Small (car)-Conventional (pre-EURO)-Passenger Transport,1.0,3.0,1.0,0.0011821857857142
1,9,265.0,3,Road-Small (car)-Conventional (pre-EURO)-Passenger Transport,1.0,3.0,1.0,0.0011821857857142
1,9,266.0,1,Road-Small (car)-Euro 1 (1992-96)-Passenger Transport,1.0,3.0,1.0,0.0023643715714285
1,9,266.0,2,Road-Small (car)-Euro 1 (1992-96)-Passenger Transport,1.0,3.0,1.0,0.0011821857857142
1,9,266.0,3,Road-Small (car)-Euro 1 (1992-96)-Passenger Transport,1.0,3.0,1.0,0.0011821857857142
1,9,267.0,1,Road-Small (car)-Euro 2 (1996-2001)-Passenger Transport,1.0,3.0,1.0,0.0023643715714285
1,9,267.0,2,Road-Small (car)-Euro 2 (1996-2001)-Passenger Transport,1.0,3.0,1.0,0.0011821857857142
1,9,267.0,3,Road-Small (car)-Euro 2 (1996-2001)-Passenger Transport,1.0,3.0,1.0,0.0011821857857142
1,9,268.0,1,Road-Small (car)-Euro 5 (2009-14)-Passenger Transport,1.0,3.0,1.0,0.0023643715714285
1,9,268.0,2,Road-Small (car)-Euro 5 (2009-14)-Passenger Transport,1.0,3.0,1.0,0.0011821857857142
1,9,268.0,3,Road-Small (car)-Euro 5 (2009-14)-Passenger Transport,1.0,3.0,1.0,0.0011821857857142
1,9,269.0,1,Road-Small (car)-Euro 6 (2015-19)-Passenger Transport,1.0,3.0,1.0,0.0023643715714285
1,9,269.0,2,Road-Small (car)-Euro 6 (2015-19)-Passenger Transport,1.0,3.0,1.0,0.0011821857857142
1,9,269.0,3,Road-Small (car)-Euro 6 (2015-19)-Passenger Transport,1.0,3.0,1.0,0.0011821857857142
1,9,270.0,1,Road-Medium (car)-Euro 1 (1992-96)-Passenger Transport,1.0,3.0,2.0,0.0016632647571428
1,9,270.0,2,Road-Medium (car)-Euro 1 (1992-96)-Passenger Transport,1.0,3.0,2.0,0.0008316323785714
1,9,270.0,3,Road-Medium (car)-Euro 1 (1992-96)-Passenger Transport,1.0,3.0,2.0,0.0008316323785714
1,9,280.0,1,Road-Medium (car)-Euro 2 (1996-2001)-Passenger Transport,1.0,3.0,2.0,0.0016632647571428
1,9,280.0,2,Road-Medium (car)-Euro 2 (1996-2001)-Passenger Transport,1.0,3.0,2.0,0.0008316323785714
1,9,280.0,3,Road-Medium (car)-Euro 2 (1996-2001)-Passenger Transport,1.0,3.0,2.0,0.0008316323785714
1,9,290.0,1,Road-Medium (car)-Euro 3 (2001-05)-Passenger Transport,1.0,3.0,2.0,0.0016632647571428
1,9,290.0,2,Road-Medium (car)-Euro 3 (2001-05)-Passenger Transport,1.0,3.0,2.0,0.0008316323785714
1,9,290.0,3,Road-Medium (car)-Euro 3 (2001-05)-Passenger Transport,1.0,3.0,2.0,0.0008316323785714
1,9,295.0,1,Road-Small (car)-Euro 3 (2001-05)-Passenger Transport,1.0,3.0,1.0,0.0023643715714285
1,9,295.0,2,Road-Small (car)-Euro 3 (2001-05)-Passenger Transport,1.0,3.0,1.0,0.0011821857857142
1,9,295.0,3,Road-Small (car)-Euro 3 (2001-05)-Passenger Transport,1.0,3.0,1.0,0.0011821857857142
1,9,300.0,1,Road-Medium (car)-Euro 4 (2005-09)-Passenger Transport,1.0,3.0,2.0,0.0016632647571428
1,9,300.0,2,Road-Medium (car)-Euro 4 (2005-09)-Passenger Transport,1.0,3.0,2.0,0.0008316323785714
1,9,300.0,3,Road-Medium (car)-Euro 4 (2005-09)-Passenger Transport,1.0,3.0,2.0,0.0008316323785714
1,9,302.0,1,Road-Medium (car)-Euro 4 (2005-09)-Passenger Transport,1.0,3.0,2.0,0.0
1,9,302.0,2,Road-Medium (car)-Euro 4 (2005-09)-Passenger Transport,1.0,3.0,2.0,0.0
1,9,302.0,3,Road-Medium (car)-Euro 4 (2005-09)-Passenger Transport,1.0,3.0,2.0,0.0
1,9,305.0,1,Road-Small (car)-Euro 4 (2005-09)-Passenger Transport,1.0,3.0,1.0,0.0023643715714285
1,9,305.0,2,Road-Small (car)-Euro 4 (2005-09)-Passenger Transport,1.0,3.0,1.0,0.0011821857857142
1,9,305.0,3,Road-Small (car)-Euro 4 (2005-09)-Passenger Transport,1.0,3.0,1.0,0.0011821857857142
1,9,310.0,1,Road-Large (car)-Conventional (pre-EURO)-Passenger Transport,1.0,3.0,3.0,0.0036549554142857
1,9,310.0,2,Road-Large (car)-Conventional (pre-EURO)-Passenger Transport,1.0,3.0,3.0,0.0018274777071428
1,9,310.0,3,Road-Large (car)-Conventional (pre-EURO)-Passenger Transport,1.0,3.0,3.0,0.0018274777071428
1,9,330.0,1,Road-Large (car)-Euro 1 (1992-96)-Passenger Transport,1.0,3.0,3.0,0.0036549554142857
1,9,330.0,2,Road-Large (car)-Euro 1 (1992-96)-Passenger Transport,1.0,3.0,3.0,0.0018274777071428
1,9,330.0,3,Road-Large (car)-Euro 1 (1992-96)-Passenger Transport,1.0,3.0,3.0,0.0018274777071428
1,9,340.0,1,Road-Large (car)-Euro 2 (1996-2001)-Passenger Transport,1.0,3.0,3.0,0.0036549554142857
1,9,340.0,2,Road-Large (car)-Euro 2 (1996-2001)-Passenger Transport,1.0,3.0,3.0,0.0018274777071428
1,9,340.0,3,Road-Large (car)-Euro 2 (1996-2001)-Passenger Transport,1.0,3.0,3.0,0.0018274777071428
1,9,350.0,1,Road-Large (car)-Euro 3 (2001-05)-Passenger Transport,1.0,3.0,3.0,0.0036549554142857
1,9,350.0,2,Road-Large (car)-Euro 3 (2001-05)-Passenger Transport,1.0,3.0,3.0,0.0018274777071428
1,9,350.0,3,Road-Large (car)-Euro 3 (2001-05)-Passenger Transport,1.0,3.0,3.0,0.0018274777071428
1,9,360.0,1,Road-Large (car)-Euro 4 (2005-09)-Passenger Transport,1.0,3.0,3.0,0.0036549554142857
1,9,360.0,2,Road-Large (car)-Euro 4 (2005-09)-Passenger Transport,1.0,3.0,3.0,0.0018274777071428
1,9,360.0,3,Road-Large (car)-Euro 4 (2005-09)-Passenger Transport,1.0,3.0,3.0,0.0018274777071428
1,9,362.0,1,Road-Large (car)-Euro 4 (2005-09)-Passenger Transport,1.0,3.0,3.0,0.0
1,9,362.0,2,Road-Large (car)-Euro 4 (2005-09)-Passenger Transport,1.0,3.0,3.0,0.0
1,9,362.0,3,Road-Large (car)-Euro 4 (2005-09)-Passenger Transport,1.0,3.0,3.0,0.0
1,9,363.0,1,Road-Large (car)-Euro 5 (2009-14)-Passenger Transport,1.0,3.0,3.0,0.0036549554142857
1,9,363.0,2,Road-Large (car)-Euro 5 (2009-14)-Passenger Transport,1.0,3.0,3.0,0.0018274777071428
1,9,363.0,3,Road-Large (car)-Euro 5 (2009-14)-Passenger Transport,1.0,3.0,3.0,0.0018274777071428
1,9,366.0,1,Road-Large (car)-Euro 6 (2015-19)-Passenger Transport,1.0,3.0,3.0,0.0036549554142857
1,9,366.0,2,Road-Large (car)-Euro 6 (2015-19)-Passenger Transport,1.0,3.0,3.0,0.0018274777071428
1,9,366.0,3,Road-Large (car)-Euro 6 (2015-19)-Passenger Transport,1.0,3.0,3.0,0.0018274777071428
1,9,520.0,1,Road-Small (car)-Euro 4 (2005-09)-Passenger Transport,1.0,3.0,1.0,0.0
1,9,520.0,2,Road-Small (car)-Euro 4 (2005-09)-Passenger Transport,1.0,3.0,1.0,0.0
1,9,520.0,3,Road-Small (car)-Euro 4 (2005-09)-Passenger Transport,1.0,3.0,1.0,0.0
1,9,521.0,1,Road-Small (car)-Euro 5 (2009-14)-Passenger Transport,1.0,3.0,1.0,0.0
1,9,521.0,2,Road-Small (car)-Euro 5 (2009-14)-Passenger Transport,1.0,3.0,1.0,0.0
1,9,521.0,3,Road-Small (car)-Euro 5 (2009-14)-Passenger Transport,1.0,3.0,1.0,0.0
1,9,522.0,1,Road-Small (car)-Euro 6 (2015-19)-Passenger Transport,1.0,3.0,1.0,0.0
1,9,522.0,2,Road-Small (car)-Euro 6 (2015-19)-Passenger Transport,1.0,3.0,1.0,0.0
1,9,522.0,3,Road-Small (car)-Euro 6 (2015-19)-Passenger Transport,1.0,3.0,1.0,0.0
1,9,550.0,1,Road-Small (car)-Conventional (pre-EURO)-Passenger Transport,1.0,3.0,1.0,0.0
1,9,550.0,2,Road-Small (car)-Conventional (pre-EURO)-Passenger Transport,1.0,3.0,1.0,0.0
1,9,550.0,3,Road-Small (car)-Conventional (pre-EURO)-Passenger Transport,1.0,3.0,1.0,0.0
1,9,551.0,1,Road-Small (car)-Euro 1 (1992-96)-Passenger Transport,1.0,3.0,1.0,0.0
1,9,551.0,2,Road-Small (car)-Euro 1 (1992-96)-Passenger Transport,1.0,3.0,1.0,0.0
1,9,551.0,3,Road-Small (car)-Euro 1 (1992-96)-Passenger Transport,1.0,3.0,1.0,0.0
1,9,552.0,1,Road-Small (car)-Euro 2 (1996-2001)-Passenger Transport,1.0,3.0,1.0,0.0
1,9,552.0,2,Road-Small (car)-Euro 2 (1996-2001)-Passenger Transport,1.0,3.0,1.0,0.0
1,9,552.0,3,Road-Small (car)-Euro 2 (1996-2001)-Passenger Transport,1.0,3.0,1.0,0.0
1,9,553.0,1,Road-Small (car)-Euro 3 (2001-05)-Passenger Transport,1.0,3.0,1.0,0.0
1,9,553.0,2,Road-Small (car)-Euro 3 (2001-05)-Passenger Transport,1.0,3.0,1.0,0.0
1,9,553.0,3,Road-Small (car)-Euro 3 (2001-05)-Passenger Transport,1.0,3.0,1.0,0.0
1,9,554.0,1,Road-Small (car)-Euro 4 (2005-09)-Passenger Transport,1.0,3.0,1.0,0.0
1,9,554.0,2,Road-Small (car)-Euro 4 (2005-09)-Passenger Transport,1.0,3.0,1.0,0.0
1,9,554.0,3,Road-Small (car)-Euro 4 (2005-09)-Passenger Transport,1.0,3.0,1.0,0.0
1,9,555.0,1,Road-Small (car)-Euro 5 (2009-14)-Passenger Transport,1.0,3.0,1.0,0.0
1,9,555.0,2,Road-Small (car)-Euro 5 (2009-14)-Passenger Transport,1.0,3.0,1.0,0.0
1,9,555.0,3,Road-Small (car)-Euro 5 (2009-14)-Passenger Transport,1.0,3.0,1.0,0.0
1,9,556.0,1,Road-Small (car)-Euro 6 (2015-19)-Passenger Transport,1.0,3.0,1.0,0.0
1,9,556.0,2,Road-Small (car)-Euro 6 (2015-19)-Passenger Transport,1.0,3.0,1.0,0.0
1,9,556.0,3,Road-Small (car)-Euro 6 (2015-19)-Passenger Transport,1.0,3.0,1.0,0.0
1,9,620.0,1,Road-Small (car)-Euro 4 (2005-09)-Passenger Transport,1.0,3.0,1.0,0.0
1,9,620.0,2,Road-Small (car)-Euro 4 (2005-09)-Passenger Transport,1.0,3.0,1.0,0.0
1,9,620.0,3,Road-Small (car)-Euro 4 (2005-09)-Passenger Transport,1.0,3.0,1.0,0.0
1,9,630.0,1,Road-Mini (bus)-Euro 1 (1992-96)-Freight Transport,1.0,4.0,11.0,0.0189917142857142
1,9,630.0,1,Road-Mini (bus)-Euro 1 (1992-96)-Freight Transport,2.0,4.0,11.0,0.02441669826
1,9,630.0,2,Road-Mini (bus)-Euro 1 (1992-96)-Freight Transport,1.0,4.0,11.0,0.0189917142857142
1,9,630.0,2,Road-Mini (bus)-Euro 1 (1992-96)-Freight Transport,2.0,4.0,11.0,0.02441669826
1,9,630.0,3,Road-Mini (bus)-Euro 1 (1992-96)-Freight Transport,1.0,4.0,11.0,0.0094958571428571
1,9,630.0,3,Road-Mini (bus)-Euro 1 (1992-96)-Freight Transport,2.0,4.0,11.0,0.01220834913
1,9,640.0,1,Road-Mini (bus)-Conventional (pre-EURO)-Freight Transport,2.0,4.0,11.0,0.0051047568
1,9,640.0,2,Road-Mini (bus)-Conventional (pre-EURO)-Freight Transport,2.0,4.0,11.0,0.0051047568
1,9,640.0,3,Road-Mini (bus)-Conventional (pre-EURO)-Freight Transport,2.0,4.0,11.0,0.0025523784
1,9,690.0,1,Road-Mini (bus)-Euro 1 (1992-96)-Freight Transport,2.0,4.0,11.0,0.0220991185799999
1,9,690.0,2,Road-Mini (bus)-Euro 1 (1992-96)-Freight Transport,2.0,4.0,11.0,0.0220991185799999
1,9,690.0,3,Road-Mini (bus)-Euro 1 (1992-96)-Freight Transport,2.0,4.0,11.0,0.0110495592899999
1,9,695.0,1,Road-Mini (bus)-Euro 4 (2005-09)-Freight Transport,2.0,4.0,11.0,0.00076569275
1,9,695.0,2,Road-Mini (bus)-Euro 4 (2005-09)-Freight Transport,2.0,4.0,11.0,0.00076569275
1,9,695.0,3,Road-Mini (bus)-Euro 4 (2005-09)-Freight Transport,2.0,4.0,11.0,0.000382846375
1,9,697.0,1,Road-Mini (bus)-Conventional (pre-EURO)-Freight Transport,2.0,4.0,11.0,0.0055247796449999
1,9,697.0,2,Road-Mini (bus)-Conventional (pre-EURO)-Freight Transport,2.0,4.0,11.0,0.0055247796449999
1,9,697.0,3,Road-Mini (bus)-Conventional (pre-EURO)-Freight Transport,2.0,4.0,11.0,0.0441982371599999
1,9,698.0,1,Road-Mini (bus)-Conventional (pre-EURO)-Passenger Transport,1.0,4.0,11.0,0.0189917142857142
1,9,698.0,2,Road-Mini (bus)-Conventional (pre-EURO)-Passenger Transport,1.0,4.0,11.0,0.0189917142857142
1,9,698.0,3,Road-Mini (bus)-Conventional (pre-EURO)-Passenger Transport,1.0,4.0,11.0,0.0094958571428571
1,9,699.0,1,Road-Mini (bus)-Euro 1 (1992-96)-Passenger Transport,1.0,4.0,11.0,0.0189917142857142
1,9,699.0,2,Road-Mini (bus)-Euro 1 (1992-96)-Passenger Transport,1.0,4.0,11.0,0.0189917142857142
1,9,699.0,3,Road-Mini (bus)-Euro 1 (1992-96)-Passenger Transport,1.0,4.0,11.0,0.0094958571428571
1,9,700.0,1,Road-Mini (bus)-Euro 1 (1992-96)-Freight Transport,2.0,4.0,11.0,0.00076569275
1,9,700.0,2,Road-Mini (bus)-Euro 1 (1992-96)-Freight Transport,2.0,4.0,11.0,0.00076569275
1,9,700.0,3,Road-Mini (bus)-Euro 1 (1992-96)-Freight Transport,2.0,4.0,11.0,0.000382846375
1,9,701.0,1,Road-Mini (bus)-Euro 2 (1996-2001)-Passenger Transport,1.0,4.0,11.0,0.0189917142857142
1,9,701.0,2,Road-Mini (bus)-Euro 2 (1996-2001)-Passenger Transport,1.0,4.0,11.0,0.0189917142857142
1,9,701.0,3,Road-Mini (bus)-Euro 2 (1996-2001)-Passenger Transport,1.0,4.0,11.0,0.0094958571428571
1,9,702.0,1,Road-Mini (bus)-Euro 3 (2001-05)-Passenger Transport,1.0,4.0,11.0,0.0189917142857142
1,9,702.0,2,Road-Mini (bus)-Euro 3 (2001-05)-Passenger Transport,1.0,4.0,11.0,0.0189917142857142
1,9,702.0,3,Road-Mini (bus)-Euro 3 (2001-05)-Passenger Transport,1.0,4.0,11.0,0.0094958571428571
1,9,720.0,1,Road-Mini (bus)-Euro 2 (1996-2001)-Freight Transport,2.0,4.0,11.0,0.00076569275
1,9,720.0,2,Road-Mini (bus)-Euro 2 (1996-2001)-Freight Transport,2.0,4.0,11.0,0.00076569275
1,9,720.0,3,Road-Mini (bus)-Euro 2 (1996-2001)-Freight Transport,2.0,4.0,11.0,0.000382846375
1,9,810.0,1,Road-Mini (bus)-Euro 3 (2001-05)-Freight Transport,2.0,4.0,11.0,0.00076569275
1,9,810.0,2,Road-Mini (bus)-Euro 3 (2001-05)-Freight Transport,2.0,4.0,11.0,0.00076569275
1,9,810.0,3,Road-Mini (bus)-Euro 3 (2001-05)-Freight Transport,2.0,4.0,11.0,0.000382846375
1,9,850.0,1,Road-Mini (bus)-Euro 4 (2005-09)-Freight Transport,2.0,4.0,11.0,0.00076569275
1,9,850.0,2,Road-Mini (bus)-Euro 4 (2005-09)-Freight Transport,2.0,4.0,11.0,0.00076569275
1,9,850.0,3,Road-Mini (bus)-Euro 4 (2005-09)-Freight Transport,2.0,4.0,11.0,0.000382846375
1,9,870.0,1,Road-Urban (bus)-Conventional (pre-EURO)-Passenger Transport,1.0,4.0,12.0,0.1266114285714286
1,9,870.0,2,Road-Urban (bus)-Conventional (pre-EURO)-Passenger Transport,1.0,4.0,12.0,0.1266114285714286
1,9,870.0,3,Road-Urban (bus)-Conventional (pre-EURO)-Passenger Transport,1.0,4.0,12.0,0.0633057142857143
1,9,890.0,1,Road-Urban (bus)-Euro 4 (2005-09)-Passenger Transport,1.0,4.0,12.0,0.1266114285714286
1,9,890.0,2,Road-Urban (bus)-Euro 4 (2005-09)-Passenger Transport,1.0,4.0,12.0,0.1266114285714286
1,9,890.0,3,Road-Urban (bus)-Euro 4 (2005-09)-Passenger Transport,1.0,4.0,12.0,0.0633057142857143
1,9,970.0,1,Road-Urban (bus)-Euro 1 (1992-96)-Passenger Transport,1.0,4.0,12.0,0.1266114285714286
1,9,970.0,2,Road-Urban (bus)-Euro 1 (1992-96)-Passenger Transport,1.0,4.0,12.0,0.1266114285714286
1,9,970.0,3,Road-Urban (bus)-Euro 1 (1992-96)-Passenger Transport,1.0,4.0,12.0,0.0633057142857143
1,9,980.0,1,Road-Urban (bus)-Euro 2 (1996-2001)-Passenger Transport,1.0,4.0,12.0,0.1266114285714286
1,9,980.0,2,Road-Urban (bus)-Euro 2 (1996-2001)-Passenger Transport,1.0,4.0,12.0,0.1266114285714286
1,9,980.0,3,Road-Urban (bus)-Euro 2 (1996-2001)-Passenger Transport,1.0,4.0,12.0,0.0633057142857143
1,9,1040.0,1,Road-Urban (bus)-Euro 3 (2001-05)-Passenger Transport,1.0,4.0,12.0,0.1266114285714286
1,9,1040.0,2,Road-Urban (bus)-Euro 3 (2001-05)-Passenger Transport,1.0,4.0,12.0,0.1266114285714286
1,9,1040.0,3,Road-Urban (bus)-Euro 3 (2001-05)-Passenger Transport,1.0,4.0,12.0,0.0633057142857143
1,9,1050.0,1,Road-Coach (bus)-Euro 1 (1992-96)-Passenger Transport,1.0,4.0,13.0,0.0135368127692307
1,9,1050.0,2,Road-Coach (bus)-Euro 1 (1992-96)-Passenger Transport,1.0,4.0,13.0,0.0135368127692307
1,9,1050.0,3,Road-Coach (bus)-Euro 1 (1992-96)-Passenger Transport,1.0,4.0,13.0,0.0067684063846153
1,9,1051.0,1,Road-Coach (bus)-Euro 2 (1996-2001)-Passenger Transport,1.0,4.0,13.0,0.0135368127692307
1,9,1051.0,2,Road-Coach (bus)-Euro 2 (1996-2001)-Passenger Transport,1.0,4.0,13.0,0.0135368127692307
1,9,1051.0,3,Road-Coach (bus)-Euro 2 (1996-2001)-Passenger Transport,1.0,4.0,13.0,0.0067684063846153
1,9,1052.0,1,Road-Coach (bus)-Euro 3 (2001-05)-Passenger Transport,1.0,4.0,13.0,0.0135368127692307
1,9,1052.0,2,Road-Coach (bus)-Euro 3 (2001-05)-Passenger Transport,1.0,4.0,13.0,0.0135368127692307
1,9,1052.0,3,Road-Coach (bus)-Euro 3 (2001-05)-Passenger Transport,1.0,4.0,13.0,0.0067684063846153
1,9,1053.0,1,Road-Coach (bus)-Euro 4 (2005-09)-Passenger Transport,1.0,4.0,13.0,0.0135368127692307
1,9,1053.0,2,Road-Coach (bus)-Euro 4 (2005-09)-Passenger Transport,1.0,4.0,13.0,0.0135368127692307
1,9,1053.0,3,Road-Coach (bus)-Euro 4 (2005-09)-Passenger Transport,1.0,4.0,13.0,0.0067684063846153
1,9,1054.0,1,Road-Coach (bus)-Euro 5 (2009-14)-Passenger Transport,1.0,4.0,13.0,0.0135368127692307
1,9,1054.0,2,Road-Coach (bus)-Euro 5 (2009-14)-Passenger Transport,1.0,4.0,13.0,0.0135368127692307
1,9,1054.0,3,Road-Coach (bus)-Euro 5 (2009-14)-Passenger Transport,1.0,4.0,13.0,0.0067684063846153
1,9,1055.0,1,Road-Coach (bus)-Euro 6 (2015-19)-Passenger Transport,1.0,4.0,13.0,0.0135368127692307
1,9,1055.0,2,Road-Coach (bus)-Euro 6 (2015-19)-Passenger Transport,1.0,4.0,13.0,0.0135368127692307
1,9,1055.0,3,Road-Coach (bus)-Euro 6 (2015-19)-Passenger Transport,1.0,4.0,13.0,0.0067684063846153
1,9,1130.0,1,Road-Urban (bus)-Euro 4 (2005-09)-Passenger Transport,1.0,4.0,12.0,0.1266114285714286
1,9,1130.0,2,Road-Urban (bus)-Euro 4 (2005-09)-Passenger Transport,1.0,4.0,12.0,0.1266114285714286
1,9,1130.0,3,Road-Urban (bus)-Euro 4 (2005-09)-Passenger Transport,1.0,4.0,12.0,0.0633057142857143
1,9,1152.0,1,Road-Coach (bus)-Conventional (pre-EURO)-Passenger Transport,1.0,4.0,13.0,0.0135368127692307
1,9,1152.0,2,Road-Coach (bus)-Conventional (pre-EURO)-Passenger Transport,1.0,4.0,13.0,0.0135368127692307
1,9,1152.0,3,Road-Coach (bus)-Conventional (pre-EURO)-Passenger Transport,1.0,4.0,13.0,0.0067684063846153
1,9,1153.0,1,Road-Coach (bus)-Euro 4 (2005-09)-Passenger Transport,1.0,4.0,13.0,0.0135368127692307
1,9,1153.0,2,Road-Coach (bus)-Euro 4 (2005-09)-Passenger Transport,1.0,4.0,13.0,0.0135368127692307
1,9,1153.0,3,Road-Coach (bus)-Euro 4 (2005-09)-Passenger Transport,1.0,4.0,13.0,0.0067684063846153
1,9,1158.0,1,Road-Coach (bus)-Euro 1 (1992-96)-Passenger Transport,1.0,4.0,13.0,0.0135368127692307
1,9,1158.0,2,Road-Coach (bus)-Euro 1 (1992-96)-Passenger Transport,1.0,4.0,13.0,0.0135368127692307
1,9,1158.0,3,Road-Coach (bus)-Euro 1 (1992-96)-Passenger Transport,1.0,4.0,13.0,0.0067684063846153
1,9,1159.0,1,Road-Coach (bus)-Euro 2 (1996-2001)-Passenger Transport,1.0,4.0,13.0,0.0135368127692307
1,9,1159.0,2,Road-Coach (bus)-Euro 2 (1996-2001)-Passenger Transport,1.0,4.0,13.0,0.0135368127692307
1,9,1159.0,3,Road-Coach (bus)-Euro 2 (1996-2001)-Passenger Transport,1.0,4.0,13.0,0.0067684063846153
1,9,1163.0,1,Road-Coach (bus)-Euro 3 (2001-05)-Passenger Transport,1.0,4.0,13.0,0.0135368127692307
1,9,1163.0,2,Road-Coach (bus)-Euro 3 (2001-05)-Passenger Transport,1.0,4.0,13.0,0.0135368127692307
1,9,1163.0,3,Road-Coach (bus)-Euro 3 (2001-05)-Passenger Transport,1.0,4.0,13.0,0.0067684063846153
1,9,1166.0,1,Road-Coach (bus)-Euro 4 (2005-09)-Passenger Transport,1.0,4.0,13.0,0.0135368127692307
1,9,1166.0,2,Road-Coach (bus)-Euro 4 (2005-09)-Passenger Transport,1.0,4.0,13.0,0.0135368127692307
1,9,1166.0,3,Road-Coach (bus)-Euro 4 (2005-09)-Passenger Transport,1.0,4.0,13.0,0.0067684063846153
1,9,1200.0,1,Road-PanelSideVan (truck)-Conventional (pre-EURO)-Freight Transport,2.0,5.0,21.0,0.0017630715
1,9,1200.0,2,Road-PanelSideVan (truck)-Conventional (pre-EURO)-Freight Transport,2.0,5.0,21.0,0.0017630715
1,9,1200.0,3,Road-PanelSideVan (truck)-Conventional (pre-EURO)-Freight Transport,2.0,5.0,21.0,0.00088153575
1,9,1220.0,1,Road-PanelSideVan (truck)-Conventional (pre-EURO)-Freight Transport,2.0,5.0,21.0,0.0110495592899999
1,9,1220.0,2,Road-PanelSideVan (truck)-Conventional (pre-EURO)-Freight Transport,2.0,5.0,21.0,0.0110495592899999
1,9,1220.0,3,Road-PanelSideVan (truck)-Conventional (pre-EURO)-Freight Transport,2.0,5.0,21.0,0.0883964743199999
1,9,1320.0,1,Road-PanelSideVan (truck)-Euro 1 (1992-96)-Freight Transport,2.0,5.0,21.0,0.04694748042
1,9,1320.0,2,Road-PanelSideVan (truck)-Euro 1 (1992-96)-Freight Transport,2.0,5.0,21.0,0.04694748042
1,9,1320.0,3,Road-PanelSideVan (truck)-Euro 1 (1992-96)-Freight Transport,2.0,5.0,21.0,0.02347374021
1,9,1410.0,1,Road-PanelSideVan (truck)-Euro 1 (1992-96)-Freight Transport,2.0,5.0,21.0,0.00793329546
1,9,1410.0,2,Road-PanelSideVan (truck)-Euro 1 (1992-96)-Freight Transport,2.0,5.0,21.0,0.00793329546
1,9,1410.0,3,Road-PanelSideVan (truck)-Euro 1 (1992-96)-Freight Transport,2.0,5.0,21.0,0.00396664773
1,9,1450.0,1,Road-PanelSideVan (truck)-Euro 1 (1992-96)-Freight Transport,2.0,5.0,21.0,0.0008507928
1,9,1450.0,2,Road-PanelSideVan (truck)-Euro 1 (1992-96)-Freight Transport,2.0,5.0,21.0,0.0008507928
1,9,1450.0,3,Road-PanelSideVan (truck)-Euro 1 (1992-96)-Freight Transport,2.0,5.0,21.0,0.0004253964
1,9,1451.0,1,Road-PanelSideVan (truck)-Euro 1 (1992-96)-Freight Transport,2.0,5.0,21.0,0.00400703424
1,9,1451.0,2,Road-PanelSideVan (truck)-Euro 1 (1992-96)-Freight Transport,2.0,5.0,21.0,0.00400703424
1,9,1451.0,3,Road-PanelSideVan (truck)-Euro 1 (1992-96)-Freight Transport,2.0,5.0,21.0,0.00200351712
1,9,1452.0,1,Road-PanelSideVan (truck)-Euro 2 (1996-2001)-Freight Transport,2.0,5.0,21.0,0.0008507928
1,9,1452.0,2,Road-PanelSideVan (truck)-Euro 2 (1996-2001)-Freight Transport,2.0,5.0,21.0,0.0008507928
1,9,1452.0,3,Road-PanelSideVan (truck)-Euro 2 (1996-2001)-Freight Transport,2.0,5.0,21.0,0.0004253964
1,9,1453.0,1,Road-PanelSideVan (truck)-Euro 3 (2001-05)-Freight Transport,2.0,5.0,21.0,0.0008507928
1,9,1453.0,2,Road-PanelSideVan (truck)-Euro 3 (2001-05)-Freight Transport,2.0,5.0,21.0,0.0008507928
1,9,1453.0,3,Road-PanelSideVan (truck)-Euro 3 (2001-05)-Freight Transport,2.0,5.0,21.0,0.0004253964
1,9,1471.0,1,Road-PanelSideVan (truck)-Euro 4 (2005-09)-Freight Transport,2.0,5.0,21.0,0.0008507928
1,9,1471.0,2,Road-PanelSideVan (truck)-Euro 4 (2005-09)-Freight Transport,2.0,5.0,21.0,0.0008507928
1,9,1471.0,3,Road-PanelSideVan (truck)-Euro 4 (2005-09)-Freight Transport,2.0,5.0,21.0,0.0004253964
1,9,1520.0,1,Road-Medium (truck)-Conventional (pre-EURO)-Freight Transport,2.0,5.0,22.0,0.0038062838053279577
1,9,1520.0,2,Road-Medium (truck)-Conventional (pre-EURO)-Freight Transport,2.0,5.0,22.0,0.0038062838053279577
1,9,1520.0,3,Road-Medium (truck)-Conventional (pre-EURO)-Freight Transport,2.0,5.0,22.0,0.030450270442624598
1,9,1530.0,1,Road-Medium (truck)-Euro 4 (2005-09)-Freight Transport,2.0,5.0,22.0,0.0012905819657142
1,9,1530.0,2,Road-Medium (truck)-Euro 4 (2005-09)-Freight Transport,2.0,5.0,22.0,0.0012905819657142
1,9,1530.0,3,Road-Medium (truck)-Euro 4 (2005-09)-Freight Transport,2.0,5.0,22.0,0.0103246557257142
1,9,1560.0,1,Road-Medium (truck)-Euro 1 (1992-96)-Freight Transport,2.0,5.0,22.0,0.0012905819657142
1,9,1560.0,2,Road-Medium (truck)-Euro 1 (1992-96)-Freight Transport,2.0,5.0,22.0,0.0012905819657142
1,9,1560.0,3,Road-Medium (truck)-Euro 1 (1992-96)-Freight Transport,2.0,5.0,22.0,0.0103246557257142
1,9,1570.0,1,Road-Medium (truck)-Euro 2 (1996-2001)-Freight Transport,2.0,5.0,22.0,0.0012905819657142
1,9,1570.0,2,Road-Medium (truck)-Euro 2 (1996-2001)-Freight Transport,2.0,5.0,22.0,0.0012905819657142
1,9,1570.0,3,Road-Medium (truck)-Euro 2 (1996-2001)-Freight Transport,2.0,5.0,22.0,0.0103246557257142
1,9,1590.0,1,Road-Medium (truck)-Euro 3 (2001-05)-Freight Transport,2.0,5.0,22.0,0.0012905819657142
1,9,1590.0,2,Road-Medium (truck)-Euro 3 (2001-05)-Freight Transport,2.0,5.0,22.0,0.0012905819657142
1,9,1590.0,3,Road-Medium (truck)-Euro 3 (2001-05)-Freight Transport,2.0,5.0,22.0,0.0103246557257142
1,9,1610.0,1,Road-Medium (truck)-Euro 4 (2005-09)-Freight Transport,2.0,5.0,22.0,0.0012905819657142
1,9,1610.0,2,Road-Medium (truck)-Euro 4 (2005-09)-Freight Transport,2.0,5.0,22.0,0.0012905819657142
1,9,1610.0,3,Road-Medium (truck)-Euro 4 (2005-09)-Freight Transport,2.0,5.0,22.0,0.0103246557257142
1,9,1616.0,1,Road-Medium (truck)-Conventional (pre-EURO)-Freight Transport,2.0,5.0,22.0,0.0022181909001839
1,9,1616.0,2,Road-Medium (truck)-Conventional (pre-EURO)-Freight Transport,2.0,5.0,22.0,0.0022181909001839
1,9,1616.0,3,Road-Medium (truck)-Conventional (pre-EURO)-Freight Transport,2.0,5.0,22.0,0.0177455272014719
1,9,1617.0,1,Road-Medium (truck)-Euro 1 (1992-96)-Freight Transport,2.0,5.0,22.0,0.0022181909001839
1,9,1617.0,2,Road-Medium (truck)-Euro 1 (1992-96)-Freight Transport,2.0,5.0,22.0,0.0022181909001839
1,9,1617.0,3,Road-Medium (truck)-Euro 1 (1992-96)-Freight Transport,2.0,5.0,22.0,0.0177455272014719
1,9,1618.0,1,Road-Medium (truck)-Euro 2 (1996-2001)-Freight Transport,2.0,5.0,22.0,0.0022181909001839
1,9,1618.0,2,Road-Medium (truck)-Euro 2 (1996-2001)-Freight Transport,2.0,5.0,22.0,0.0022181909001839
1,9,1618.0,3,Road-Medium (truck)-Euro 2 (1996-2001)-Freight Transport,2.0,5.0,22.0,0.0177455272014719
1,9,1619.0,1,Road-Medium (truck)-Euro 3 (2001-05)-Freight Transport,2.0,5.0,22.0,0.0022181909001839
1,9,1619.0,2,Road-Medium (truck)-Euro 3 (2001-05)-Freight Transport,2.0,5.0,22.0,0.0022181909001839
1,9,1619.0,3,Road-Medium (truck)-Euro 3 (2001-05)-Freight Transport,2.0,5.0,22.0,0.0177455272014719
1,9,1620.0,1,Road-Medium (truck)-Euro 4 (2005-09)-Freight Transport,2.0,5.0,22.0,0.0022181909001839
1,9,1620.0,2,Road-Medium (truck)-Euro 4 (2005-09)-Freight Transport,2.0,5.0,22.0,0.0022181909001839
1,9,1620.0,3,Road-Medium (truck)-Euro 4 (2005-09)-Freight Transport,2.0,5.0,22.0,0.0177455272014719
1,9,1640.0,1,Road-Heavy (truck)-Euro 5 (2009-14)-Freight Transport,2.0,5.0,23.0,0.0075818279073891
1,9,1640.0,2,Road-Heavy (truck)-Euro 5 (2009-14)-Freight Transport,2.0,5.0,23.0,0.0075818279073891
1,9,1640.0,3,Road-Heavy (truck)-Euro 5 (2009-14)-Freight Transport,2.0,5.0,23.0,0.0606546232591128
1,9,1670.0,1,Road-Heavy (truck)-Euro 3 (2001-05)-Freight Transport,2.0,5.0,23.0,5.6884500018e-06
1,9,1670.0,2,Road-Heavy (truck)-Euro 3 (2001-05)-Freight Transport,2.0,5.0,23.0,5.6884500018e-06
1,9,1670.0,3,Road-Heavy (truck)-Euro 3 (2001-05)-Freight Transport,2.0,5.0,23.0,4.55076000144e-05
1,9,1682.0,1,Road-Heavy (truck)-Euro 4 (2005-09)-Freight Transport,2.0,5.0,23.0,5.6884500018e-06
1,9,1682.0,2,Road-Heavy (truck)-Euro 4 (2005-09)-Freight Transport,2.0,5.0,23.0,5.6884500018e-06
1,9,1682.0,3,Road-Heavy (truck)-Euro 4 (2005-09)-Freight Transport,2.0,5.0,23.0,4.55076000144e-05
1,9,1690.0,1,Road-Heavy (truck)-Euro 6 (2015-19)-Freight Transport,2.0,5.0,23.0,0.0075818279073891
1,9,1690.0,2,Road-Heavy (truck)-Euro 6 (2015-19)-Freight Transport,2.0,5.0,23.0,0.0075818279073891
1,9,1690.0,3,Road-Heavy (truck)-Euro 6 (2015-19)-Freight Transport,2.0,5.0,23.0,0.0606546232591128
1,9,2010.0,4,Rail - Train - Light - Diesel - Standard 1 - Passenger Transport,1.0,6.0,31.0,8.070898999999999e-10
1,9,2010.0,10,Rail - Train - Light - Diesel - Standard 1 - Passenger Transport,1.0,6.0,31.0,0.0
1,9,2010.0,11,Rail - Train - Light - Diesel - Standard 1 - Passenger Transport,1.0,6.0,31.0,0.0
1,9,2010.0,12,Rail - Train - Light - Diesel - Standard 1 - Passenger Transport,1.0,6.0,31.0,0.0
1,9,2020.0,4,Rail - Train - Light - Electricity - Standard 1 - Passenger Transport,1.0,6.0,31.0,0.0065071980000000005
1,9,2020.0,10,Rail - Train - Light - Electricity - Standard 1 - Passenger Transport,1.0,6.0,31.0,0.0
1,9,2020.0,11,Rail - Train - Light - Electricity - Standard 1 - Passenger Transport,1.0,6.0,31.0,0.0
1,9,2020.0,12,Rail - Train - Light - Electricity - Standard 1 - Passenger Transport,1.0,6.0,31.0,0.0
1,9,2030.0,4,Rail - Train - Light - Electricity - Standard 2 - Passenger Transport,1.0,6.0,31.0,0.005901658000000001
1,9,2030.0,10,Rail - Train - Light - Electricity - Standard 2 - Passenger Transport,1.0,6.0,31.0,0.0
1,9,2030.0,11,Rail - Train - Light - Electricity - Standard 2 - Passenger Transport,1.0,6.0,31.0,0.0
1,9,2030.0,12,Rail - Train - Light - Electricity - Standard 2 - Passenger Transport,1.0,6.0,31.0,0.0
1,9,2040.0,4,Rail - Train - Light - Diesel - Standard 2 - Passenger Transport,1.0,6.0,31.0,1.077162e-09
1,9,2040.0,10,Rail - Train - Light - Diesel - Standard 2 - Passenger Transport,1.0,6.0,31.0,0.0
1,9,2040.0,11,Rail - Train - Light - Diesel - Standard 2 - Passenger Transport,1.0,6.0,31.0,0.0
1,9,2040.0,12,Rail - Train - Light - Diesel - Standard 2 - Passenger Transport,1.0,6.0,31.0,0.0
1,9,2050.0,4,Rail - Train - Light - Electricity - Standard 3 - Passenger Transport,1.0,6.0,31.0,0.0
1,9,2050.0,10,Rail - Train - Light - Electricity - Standard 3 - Passenger Transport,1.0,6.0,31.0,0.0
1,9,2050.0,11,Rail - Train - Light - Electricity - Standard 3 - Passenger Transport,1.0,6.0,31.0,0.0
1,9,2050.0,12,Rail - Train - Light - Electricity - Standard 3 - Passenger Transport,1.0,6.0,31.0,0.0
1,9,2060.0,4,Rail - Train - Light - Diesel - Standard 3 - Passenger Transport,1.0,6.0,31.0,0.0
1,9,2060.0,10,Rail - Train - Light - Diesel - Standard 3 - Passenger Transport,1.0,6.0,31.0,0.0
1,9,2060.0,11,Rail - Train - Light - Diesel - Standard 3 - Passenger Transport,1.0,6.0,31.0,0.0
1,9,2060.0,12,Rail - Train - Light - Diesel - Standard 3 - Passenger Transport,1.0,6.0,31.0,0.0
1,9,2070.0,4,Rail - Train - Regional - Diesel - Standard 1 - Freight Transport,2.0,6.0,32.0,0.002661889
1,9,2070.0,10,Rail - Train - Regional - Diesel - Standard 1 - Freight Transport,2.0,6.0,32.0,0.0
1,9,2070.0,11,Rail - Train - Regional - Diesel - Standard 1 - Freight Transport,2.0,6.0,32.0,0.0
1,9,2070.0,12,Rail - Train - Regional - Diesel - Standard 1 - Freight Transport,2.0,6.0,32.0,0.0
1,9,2080.0,4,Rail - Train - Regional - Diesel - Standard 1 - Passenger Transport,1.0,6.0,32.0,0.0
1,9,2080.0,10,Rail - Train - Regional - Diesel - Standard 1 - Passenger Transport,1.0,6.0,32.0,0.01115111
1,9,2080.0,11,Rail - Train - Regional - Diesel - Standard 1 - Passenger Transport,1.0,6.0,32.0,0.0
1,9,2080.0,12,Rail - Train - Regional - Diesel - Standard 1 - Passenger Transport,1.0,6.0,32.0,0.0
1,9,2090.0,4,Rail - Train - Regional - Electricity - Standard 1 - Freight Transport,2.0,6.0,32.0,0.00041621350000000003
1,9,2090.0,10,Rail - Train - Regional - Electricity - Standard 1 - Freight Transport,2.0,6.0,32.0,0.0
1,9,2090.0,11,Rail - Train - Regional - Electricity - Standard 1 - Freight Transport,2.0,6.0,32.0,0.0
1,9,2090.0,12,Rail - Train - Regional - Electricity - Standard 1 - Freight Transport,2.0,6.0,32.0,0.0
1,9,2100.0,4,Rail - Train - Regional - Electricity - Standard 1 - Passenger Transport,1.0,6.0,32.0,0.0
1,9,2100.0,10,Rail - Train - Regional - Electricity - Standard 1 - Passenger Transport,1.0,6.0,32.0,0.01304109
1,9,2100.0,11,Rail - Train - Regional - Electricity - Standard 1 - Passenger Transport,1.0,6.0,32.0,0.0
1,9,2100.0,12,Rail - Train - Regional - Electricity - Standard 1 - Passenger Transport,1.0,6.0,32.0,0.0
1,9,2110.0,4,Rail - Train - Regional - Electricity - Standard 2 - Passenger Transport,1.0,6.0,32.0,0.0
1,9,2110.0,10,Rail - Train - Regional - Electricity - Standard 2 - Passenger Transport,1.0,6.0,32.0,0.01471651
1,9,2110.0,11,Rail - Train - Regional - Electricity - Standard 2 - Passenger Transport,1.0,6.0,32.0,0.0
1,9,2110.0,12,Rail - Train - Regional - Electricity - Standard 2 - Passenger Transport,1.0,6.0,32.0,0.0
1,9,2120.0,4,Rail - Train - Regional - Diesel - Standard 2 - Passenger Transport,1.0,6.0,32.0,0.0
1,9,2120.0,10,Rail - Train - Regional - Diesel - Standard 2 - Passenger Transport,1.0,6.0,32.0,0.007237278
1,9,2120.0,11,Rail - Train - Regional - Diesel - Standard 2 - Passenger Transport,1.0,6.0,32.0,0.0
1,9,2120.0,12,Rail - Train - Regional - Diesel - Standard 2 - Passenger Transport,1.0,6.0,32.0,0.0
1,9,2130.0,4,Rail - Train - Regional - Diesel - Standard 2 - Freight Transport,2.0,6.0,32.0,0.002389054
1,9,2130.0,10,Rail - Train - Regional - Diesel - Standard 2 - Freight Transport,2.0,6.0,32.0,0.0
1,9,2130.0,11,Rail - Train - Regional - Diesel - Standard 2 - Freight Transport,2.0,6.0,32.0,0.0
1,9,2130.0,12,Rail - Train - Regional - Diesel - Standard 2 - Freight Transport,2.0,6.0,32.0,0.0
1,9,2140.0,4,Rail - Train - Regional - Electricity - Standard 2 - Freight Transport,2.0,6.0,32.0,0.0004222739
1,9,2140.0,10,Rail - Train - Regional - Electricity - Standard 2 - Freight Transport,2.0,6.0,32.0,0.0
1,9,2140.0,11,Rail - Train - Regional - Electricity - Standard 2 - Freight Transport,2.0,6.0,32.0,0.0
1,9,2140.0,12,Rail - Train - Regional - Electricity - Standard 2 - Freight Transport,2.0,6.0,32.0,0.0
1,9,2150.0,4,Rail - Train - Regional - Diesel - Standard 3 - Passenger Transport,1.0,6.0,32.0,0.0
1,9,2150.0,10,Rail - Train - Regional - Diesel - Standard 3 - Passenger Transport,1.0,6.0,32.0,0.0
1,9,2150.0,11,Rail - Train - Regional - Diesel - Standard 3 - Passenger Transport,1.0,6.0,32.0,0.0
1,9,2150.0,12,Rail - Train - Regional - Diesel - Standard 3 - Passenger Transport,1.0,6.0,32.0,0.0
1,9,2160.0,4,Rail - Train - Regional - Electricity - Standard 3 - Passenger Transport,1.0,6.0,32.0,0.0
1,9,2160.0,10,Rail - Train - Regional - Electricity - Standard 3 - Passenger Transport,1.0,6.0,32.0,0.0
1,9,2160.0,11,Rail - Train - Regional - Electricity - Standard 3 - Passenger Transport,1.0,6.0,32.0,0.0
1,9,2160.0,12,Rail - Train - Regional - Electricity - Standard 3 - Passenger Transport,1.0,6.0,32.0,0.0
1,9,2170.0,4,Rail - Train - Regional - Diesel - Standard 3 - Freight Transport,2.0,6.0,32.0,0.0
1,9,2170.0,10,Rail - Train - Regional - Diesel - Standard 3 - Freight Transport,2.0,6.0,32.0,0.0
1,9,2170.0,11,Rail - Train - Regional - Diesel - Standard 3 - Freight Transport,2.0,6.0,32.0,0.0
1,9,2170.0,12,Rail - Train - Regional - Diesel - Standard 3 - Freight Transport,2.0,6.0,32.0,0.0
1,9,2180.0,4,Rail - Train - Regional - Electricity - Standard 3 - Freight Transport,2.0,6.0,32.0,0.0
1,9,2180.0,10,Rail - Train - Regional - Electricity - Standard 3 - Freight Transport,2.0,6.0,32.0,0.0
1,9,2180.0,11,Rail - Train - Regional - Electricity - Standard 3 - Freight Transport,2.0,6.0,32.0,0.0
1,9,2180.0,12,Rail - Train - Regional - Electricity - Standard 3 - Freight Transport,2.0,6.0,32.0,0.0
1,9,2190.0,4,Rail - Train - National - Diesel - Standard 1 - Passenger Transport,1.0,6.0,33.0,0.0
1,9,2190.0,10,Rail - Train - National - Diesel - Standard 1 - Passenger Transport,1.0,6.0,33.0,0.0
1,9,2190.0,11,Rail - Train - National - Diesel - Standard 1 - Passenger Transport,1.0,6.0,33.0,0.0033447400000000006
1,9,2190.0,12,Rail - Train - National - Diesel - Standard 1 - Passenger Transport,1.0,6.0,33.0,0.0
1,9,2200.0,4,Rail - Train - National - Electricity - Standard 1 - Freight Transport,2.0,6.0,33.0,0.0
1,9,2200.0,10,Rail - Train - National - Electricity - Standard 1 - Freight Transport,2.0,6.0,33.0,0.0
1,9,2200.0,11,Rail - Train - National - Electricity - Standard 1 - Freight Transport,2.0,6.0,33.0,0.0
1,9,2200.0,12,Rail - Train - National - Electricity - Standard 1 - Freight Transport,2.0,6.0,33.0,0.0
1,9,2210.0,4,Rail - Train - National - Electricity - Standard 1 - Passenger Transport,1.0,6.0,33.0,0.0
1,9,2210.0,10,Rail - Train - National - Electricity - Standard 1 - Passenger Transport,1.0,6.0,33.0,0.0
1,9,2210.0,11,Rail - Train - National - Electricity - Standard 1 - Passenger Transport,1.0,6.0,33.0,0.004272129
1,9,2210.0,12,Rail - Train - National - Electricity - Standard 1 - Passenger Transport,1.0,6.0,33.0,0.0
1,9,2220.0,4,Rail - Train - National - Diesel - Standard 1 - Freight Transport,2.0,6.0,33.0,0.0
1,9,2220.0,10,Rail - Train - National - Diesel - Standard 1 - Freight Transport,2.0,6.0,33.0,0.0
1,9,2220.0,11,Rail - Train - National - Diesel - Standard 1 - Freight Transport,2.0,6.0,33.0,0.0
1,9,2220.0,12,Rail - Train - National - Diesel - Standard 1 - Freight Transport,2.0,6.0,33.0,0.0
1,9,2230.0,4,Rail - Train - National - Diesel - Standard 2 - Freight Transport,2.0,6.0,33.0,0.0
1,9,2230.0,10,Rail - Train - National - Diesel - Standard 2 - Freight Transport,2.0,6.0,33.0,0.0
1,9,2230.0,11,Rail - Train - National - Diesel - Standard 2 - Freight Transport,2.0,6.0,33.0,0.0
1,9,2230.0,12,Rail - Train - National - Diesel - Standard 2 - Freight Transport,2.0,6.0,33.0,0.0
1,9,2240.0,4,Rail - Train - National - Diesel - Standard 2 - Passenger Transport,1.0,6.0,33.0,0.0
1,9,2240.0,10,Rail - Train - National - Diesel - Standard 2 - Passenger Transport,1.0,6.0,33.0,0.0
1,9,2240.0,11,Rail - Train - National - Diesel - Standard 2 - Passenger Transport,1.0,6.0,33.0,0.001428685
1,9,2240.0,12,Rail - Train - National - Diesel - Standard 2 - Passenger Transport,1.0,6.0,33.0,0.0
1,9,2250.0,4,Rail - Train - National - Electricity - Standard 2 - Passenger Transport,1.0,6.0,33.0,0.0
1,9,2250.0,10,Rail - Train - National - Electricity - Standard 2 - Passenger Transport,1.0,6.0,33.0,0.0
1,9,2250.0,11,Rail - Train - National - Electricity - Standard 2 - Passenger Transport,1.0,6.0,33.0,0.00551161
1,9,2250.0,12,Rail - Train - National - Electricity - Standard 2 - Passenger Transport,1.0,6.0,33.0,0.0
1,9,2260.0,4,Rail - Train - National - Electricity - Standard 2 - Freight Transport,2.0,6.0,33.0,0.0
1,9,2260.0,10,Rail - Train - National - Electricity - Standard 2 - Freight Transport,2.0,6.0,33.0,0.0
1,9,2260.0,11,Rail - Train - National - Electricity - Standard 2 - Freight Transport,2.0,6.0,33.0,0.0
1,9,2260.0,12,Rail - Train - National - Electricity - Standard 2 - Freight Transport,2.0,6.0,33.0,0.0
1,9,2270.0,4,Rail - Train - National - Electricity - Standard 3 - Passenger Transport,1.0,6.0,33.0,0.0
1,9,2270.0,10,Rail - Train - National - Electricity - Standard 3 - Passenger Transport,1.0,6.0,33.0,0.0
1,9,2270.0,11,Rail - Train - National - Electricity - Standard 3 - Passenger Transport,1.0,6.0,33.0,0.0
1,9,2270.0,12,Rail - Train - National - Electricity - Standard 3 - Passenger Transport,1.0,6.0,33.0,0.0
1,9,2280.0,4,Rail - Train - National - Electricity - Standard 3 - Freight Transport,2.0,6.0,33.0,0.0
1,9,2280.0,10,Rail - Train - National - Electricity - Standard 3 - Freight Transport,2.0,6.0,33.0,0.0
1,9,2280.0,11,Rail - Train - National - Electricity - Standard 3 - Freight Transport,2.0,6.0,33.0,0.0
1,9,2280.0,12,Rail - Train - National - Electricity - Standard 3 - Freight Transport,2.0,6.0,33.0,0.0
1,9,2290.0,4,Rail - Train - National - Diesel - Standard 3 - Freight Transport,2.0,6.0,33.0,0.0
1,9,2290.0,10,Rail - Train - National - Diesel - Standard 3 - Freight Transport,2.0,6.0,33.0,0.0
1,9,2290.0,11,Rail - Train - National - Diesel - Standard 3 - Freight Transport,2.0,6.0,33.0,0.0
1,9,2290.0,12,Rail - Train - National - Diesel - Standard 3 - Freight Transport,2.0,6.0,33.0,0.0
1,9,2300.0,4,Rail - Train - National - Diesel - Standard 3 - Passenger Transport,1.0,6.0,33.0,0.0
1,9,2300.0,10,Rail - Train - National - Diesel - Standard 3 - Passenger Transport,1.0,6.0,33.0,0.0
1,9,2300.0,11,Rail - Train - National - Diesel - Standard 3 - Passenger Transport,1.0,6.0,33.0,0.0
1,9,2300.0,12,Rail - Train - National - Diesel - Standard 3 - Passenger Transport,1.0,6.0,33.0,0.0
1,9,2310.0,4,Rail - Train - High Speed - Electricity - Standard 1 - Passenger Transport,1.0,6.0,34.0,0.0
1,9,2310.0,10,Rail - Train - High Speed - Electricity - Standard 1 - Passenger Transport,1.0,6.0,34.0,0.0
1,9,2310.0,11,Rail - Train - High Speed - Electricity - Standard 1 - Passenger Transport,1.0,6.0,34.0,0.0
1,9,2310.0,12,Rail - Train - High Speed - Electricity - Standard 1 - Passenger Transport,1.0,6.0,34.0,0.0
1,9,2320.0,4,Rail - Train - High Speed - Electricity - Standard 2 - Passenger Transport,1.0,6.0,34.0,0.0
1,9,2320.0,10,Rail - Train - High Speed - Electricity - Standard 2 - Passenger Transport,1.0,6.0,34.0,0.0
1,9,2320.0,11,Rail - Train - High Speed - Electricity - Standard 2 - Passenger Transport,1.0,6.0,34.0,0.0
1,9,2320.0,12,Rail - Train - High Speed - Electricity - Standard 2 - Passenger Transport,1.0,6.0,34.0,0.0002455301
1,9,2330.0,4,Rail - Train - High Speed - Electricity - Standard 3 - Passenger Transport,1.0,6.0,34.0,0.0
1,9,2330.0,10,Rail - Train - High Speed - Electricity - Standard 3 - Passenger Transport,1.0,6.0,34.0,0.0
1,9,2330.0,11,Rail - Train - High Speed - Electricity - Standard 3 - Passenger Transport,1.0,6.0,34.0,0.0
1,9,2330.0,12,Rail - Train - High Speed - Electricity - Standard 3 - Passenger Transport,1.0,6.0,34.0,0.0
1,9,3010.0,5,Water - Ship - River - Diesel - Standard 1 - Freight Transport,2.0,7.0,51.0,5.9114680000000004e-05
1,9,3010.0,6,Water - Ship - River - Diesel - Standard 1 - Freight Transport,2.0,7.0,51.0,0.0
1,9,3010.0,7,Water - Ship - River - Diesel - Standard 1 - Freight Transport,2.0,7.0,51.0,0.0
1,9,3020.0,5,Water - Ship - River - Diesel - Standard 2 - Freight Transport,2.0,7.0,51.0,9.936985e-06
1,9,3020.0,6,Water - Ship - River - Diesel - Standard 2 - Freight Transport,2.0,7.0,51.0,0.0
1,9,3020.0,7,Water - Ship - River - Diesel - Standard 2 - Freight Transport,2.0,7.0,51.0,0.0
1,9,3030.0,5,Water - Ship - Coastal - Diesel - Standard 1 - Freight Transport,2.0,7.0,52.0,0.0
1,9,3030.0,6,Water - Ship - Coastal - Diesel - Standard 1 - Freight Transport,2.0,7.0,52.0,0.00025554520000000005
1,9,3030.0,7,Water - Ship - Coastal - Diesel - Standard 1 - Freight Transport,2.0,7.0,52.0,0.0
1,9,3040.0,5,Water - Ship - Coastal - Diesel - Standard 2 - Freight Transport,2.0,7.0,52.0,0.0
1,9,3040.0,6,Water - Ship - Coastal - Diesel - Standard 2 - Freight Transport,2.0,7.0,52.0,4.388969000000001e-05
1,9,3040.0,7,Water - Ship - Coastal - Diesel - Standard 2 - Freight Transport,2.0,7.0,52.0,0.0
1,9,3050.0,5,Water - Ship - Maritime - Diesel - Standard 1 - Freight Transport,2.0,7.0,53.0,0.0
1,9,3050.0,6,Water - Ship - Maritime - Diesel - Standard 1 - Freight Transport,2.0,7.0,53.0,0.0
1,9,3050.0,7,Water - Ship - Maritime - Diesel - Standard 1 - Freight Transport,2.0,7.0,53.0,0.0
1,9,3060.0,5,Water - Ship - Maritime - Diesel - Standard 2 - Freight Transport,2.0,7.0,53.0,0.0
1,9,3060.0,6,Water - Ship - Maritime - Diesel - Standard 2 - Freight Transport,2.0,7.0,53.0,0.0
1,9,3060.0,7,Water - Ship - Maritime - Diesel - Standard 2 - Freight Transport,2.0,7.0,53.0,0.0
1,9,4010.0,9,Air - Aeroplane - General Aviation - Aviation fuel (Jet A-1) - Standard 1 - Passenger Transport,1.0,8.0,41.0,0.00023330220000000002
1,9,4010.0,13,Air - Aeroplane - General Aviation - Aviation fuel (Jet A-1) - Standard 1 - Passenger Transport,1.0,8.0,41.0,0.0
1,9,4040.0,9,Air - Aeroplane - Short Distance - Aviation fuel (Jet A-1) - Standard 1 - Freight Transport,2.0,8.0,42.0,0.0002928923
1,9,4040.0,13,Air - Aeroplane - Short Distance - Aviation fuel (Jet A-1) - Standard 1 - Freight Transport,2.0,8.0,42.0,0.0
1,9,4050.0,9,Air - Aeroplane - Short Distance - Aviation fuel (Jet A-1) - Standard 1 - Passenger Transport,1.0,8.0,42.0,0.00309703
1,9,4050.0,13,Air - Aeroplane - Short Distance - Aviation fuel (Jet A-1) - Standard 1 - Passenger Transport,1.0,8.0,42.0,0.0
1,9,4060.0,9,Air - Aeroplane - Short Distance - Aviation fuel (Jet A-1) - Standard 2 - Freight Transport,2.0,8.0,42.0,0.0002806171
1,9,4060.0,13,Air - Aeroplane - Short Distance - Aviation fuel (Jet A-1) - Standard 2 - Freight Transport,2.0,8.0,42.0,0.0
1,9,4070.0,9,Air - Aeroplane - Short Distance - Aviation fuel (Jet A-1) - Standard 2 - Passenger Transport,1.0,8.0,42.0,0.0013805780000000001
1,9,4070.0,13,Air - Aeroplane - Short Distance - Aviation fuel (Jet A-1) - Standard 2 - Passenger Transport,1.0,8.0,42.0,0.0
1,9,4080.0,9,Air - Aeroplane - Short Distance - Electricity - Euro 8 (2025-29) - Passenger Transport,1.0,8.0,42.0,0.0
1,9,4080.0,13,Air - Aeroplane - Short Distance - Electricity - Euro 8 (2025-29) - Passenger Transport,1.0,8.0,42.0,0.0
1,9,4081.0,9,Air - Aeroplane - Short Distance - Electricity - Euro 10 (2035-39) - Passenger Transport,1.0,8.0,42.0,0.0
1,9,4081.0,13,Air - Aeroplane - Short Distance - Electricity - Euro 10 (2035-39) - Passenger Transport,1.0,8.0,42.0,0.0
1,9,4082.0,9,Air - Aeroplane - Short Distance - Electricity - Euro 12 (2045-49) - Passenger Transport,1.0,8.0,42.0,0.0
1,9,4082.0,13,Air - Aeroplane - Short Distance - Electricity - Euro 12 (2045-49) - Passenger Transport,1.0,8.0,42.0,0.0
1,9,4090.0,9,Air - Aeroplane - Short Distance - Aviation fuel (Jet A-1) - Euro 6 (2015-19) - Freight Transport,2.0,8.0,42.0,0.0
1,9,4090.0,13,Air - Aeroplane - Short Distance - Aviation fuel (Jet A-1) - Euro 6 (2015-19) - Freight Transport,2.0,8.0,42.0,0.0
1,9,4091.0,9,Air - Aeroplane - Short Distance - Aviation fuel (Jet A-1) - Euro 8 (2025-29) - Freight Transport,2.0,8.0,42.0,0.0
1,9,4091.0,13,Air - Aeroplane - Short Distance - Aviation fuel (Jet A-1) - Euro 8 (2025-29) - Freight Transport,2.0,8.0,42.0,0.0
1,9,4092.0,9,Air - Aeroplane - Short Distance - Aviation fuel (Jet A-1) - Euro 10 (2035-39) - Freight Transport,2.0,8.0,42.0,0.0
1,9,4092.0,13,Air - Aeroplane - Short Distance - Aviation fuel (Jet A-1) - Euro 10 (2035-39) - Freight Transport,2.0,8.0,42.0,0.0
1,9,4093.0,9,Air - Aeroplane - Short Distance - Aviation fuel (Jet A-1) - Euro 12 (2045-49) - Freight Transport,2.0,8.0,42.0,0.0
1,9,4093.0,13,Air - Aeroplane - Short Distance - Aviation fuel (Jet A-1) - Euro 12 (2045-49) - Freight Transport,2.0,8.0,42.0,0.0
1,9,4100.0,9,Air - Aeroplane - Short Distance - Aviation fuel (Jet A-1) - Euro 6 (2015-19) - Passenger Transport,1.0,8.0,42.0,0.0
1,9,4100.0,13,Air - Aeroplane - Short Distance - Aviation fuel (Jet A-1) - Euro 6 (2015-19) - Passenger Transport,1.0,8.0,42.0,0.0
1,9,4101.0,9,Air - Aeroplane - Short Distance - Aviation fuel (Jet A-1) - Euro 8 (2025-29) - Passenger Transport,1.0,8.0,42.0,0.0
1,9,4101.0,13,Air - Aeroplane - Short Distance - Aviation fuel (Jet A-1) - Euro 8 (2025-29) - Passenger Transport,1.0,8.0,42.0,0.0
1,9,4102.0,9,Air - Aeroplane - Short Distance - Aviation fuel (Jet A-1) - Euro 10 (2035-39) - Passenger Transport,1.0,8.0,42.0,0.0
1,9,4102.0,13,Air - Aeroplane - Short Distance - Aviation fuel (Jet A-1) - Euro 10 (2035-39) - Passenger Transport,1.0,8.0,42.0,0.0
1,9,4103.0,9,Air - Aeroplane - Short Distance - Aviation fuel (Jet A-1) - Euro 12 (2045-49) - Passenger Transport,1.0,8.0,42.0,0.0
1,9,4103.0,13,Air - Aeroplane - Short Distance - Aviation fuel (Jet A-1) - Euro 12 (2045-49) - Passenger Transport,1.0,8.0,42.0,0.0
1,9,4110.0,9,Air - Aeroplane - Short Distance - Electricity - Euro 8 (2025-29) - Freight Transport,2.0,8.0,42.0,0.0
1,9,4110.0,13,Air - Aeroplane - Short Distance - Electricity - Euro 8 (2025-29) - Freight Transport,2.0,8.0,42.0,0.0
1,9,4111.0,9,Air - Aeroplane - Short Distance - Electricity - Euro 10 (2035-39) - Freight Transport,2.0,8.0,42.0,0.0
1,9,4111.0,13,Air - Aeroplane - Short Distance - Electricity - Euro 10 (2035-39) - Freight Transport,2.0,8.0,42.0,0.0
1,9,4112.0,9,Air - Aeroplane - Short Distance - Electricity - Euro 12 (2045-49) - Freight Transport,2.0,8.0,42.0,0.0
1,9,4112.0,13,Air - Aeroplane - Short Distance - Electricity - Euro 12 (2045-49) - Freight Transport,2.0,8.0,42.0,0.0
1,9,4120.0,9,Air - Aeroplane - Middle Distance - Aviation fuel (Jet A-1) - Standard 1 - Freight Transport,2.0,8.0,43.0,0.0
1,9,4120.0,13,Air - Aeroplane - Middle Distance - Aviation fuel (Jet A-1) - Standard 1 - Freight Transport,2.0,8.0,43.0,0.00976631
1,9,4130.0,9,Air - Aeroplane - Middle Distance - Aviation fuel (Jet A-1) - Standard 1 - Passenger Transport,1.0,8.0,43.0,0.0
1,9,4130.0,13,Air - Aeroplane - Middle Distance - Aviation fuel (Jet A-1) - Standard 1 - Passenger Transport,1.0,8.0,43.0,0.08423263
1,9,4140.0,9,Air - Aeroplane - Middle Distance - Aviation fuel (Jet A-1) - Standard 2 - Freight Transport,2.0,8.0,43.0,0.0
1,9,4140.0,13,Air - Aeroplane - Middle Distance - Aviation fuel (Jet A-1) - Standard 2 - Freight Transport,2.0,8.0,43.0,0.009721614000000002
1,9,4150.0,9,Air - Aeroplane - Middle Distance - Aviation fuel (Jet A-1) - Standard 2 - Passenger Transport,1.0,8.0,43.0,0.0
1,9,4150.0,13,Air - Aeroplane - Middle Distance - Aviation fuel (Jet A-1) - Standard 2 - Passenger Transport,1.0,8.0,43.0,0.03610673
1,9,4160.0,9,Air - Aeroplane - Middle Distance - Liquefied Hydrogen - Standard 3 - Freight Transport,2.0,8.0,43.0,0.0
1,9,4160.0,13,Air - Aeroplane - Middle Distance - Liquefied Hydrogen - Standard 3 - Freight Transport,2.0,8.0,43.0,0.0
1,9,4161.0,9,Air - Aeroplane - Middle Distance - Liquefied Hydrogen - Euro 10 (2035-39) - Freight Transport,2.0,8.0,43.0,0.0
1,9,4161.0,13,Air - Aeroplane - Middle Distance - Liquefied Hydrogen - Euro 10 (2035-39) - Freight Transport,2.0,8.0,43.0,0.0
1,9,4162.0,9,Air - Aeroplane - Middle Distance - Liquefied Hydrogen - Euro 12 (2045-49) - Freight Transport,2.0,8.0,43.0,0.0
1,9,4162.0,13,Air - Aeroplane - Middle Distance - Liquefied Hydrogen - Euro 12 (2045-49) - Freight Transport,2.0,8.0,43.0,0.0
1,9,4170.0,9,Air - Aeroplane - Middle Distance - Aviation fuel (Jet A-1) - Euro 6 (2015-19) - Freight Transport,2.0,8.0,43.0,0.0
1,9,4170.0,13,Air - Aeroplane - Middle Distance - Aviation fuel (Jet A-1) - Euro 6 (2015-19) - Freight Transport,2.0,8.0,43.0,0.0
1,9,4171.0,9,Air - Aeroplane - Middle Distance - Aviation fuel (Jet A-1) - Euro 8 (2025-29) - Freight Transport,2.0,8.0,43.0,0.0
1,9,4171.0,13,Air - Aeroplane - Middle Distance - Aviation fuel (Jet A-1) - Euro 8 (2025-29) - Freight Transport,2.0,8.0,43.0,0.0
1,9,4172.0,9,Air - Aeroplane - Middle Distance - Aviation fuel (Jet A-1) - Euro 10 (2035-39) - Freight Transport,2.0,8.0,43.0,0.0
1,9,4172.0,13,Air - Aeroplane - Middle Distance - Aviation fuel (Jet A-1) - Euro 10 (2035-39) - Freight Transport,2.0,8.0,43.0,0.0
1,9,4173.0,9,Air - Aeroplane - Middle Distance - Aviation fuel (Jet A-1) - Euro 12 (2045-49) - Freight Transport,2.0,8.0,43.0,0.0
1,9,4173.0,13,Air - Aeroplane - Middle Distance - Aviation fuel (Jet A-1) - Euro 12 (2045-49) - Freight Transport,2.0,8.0,43.0,0.0
1,9,4180.0,9,Air - Aeroplane - Middle Distance - Liquefied Hydrogen - Standard 3 - Passenger Transport,1.0,8.0,43.0,0.0
1,9,4180.0,13,Air - Aeroplane - Middle Distance - Liquefied Hydrogen - Standard 3 - Passenger Transport,1.0,8.0,43.0,0.0
1,9,4181.0,9,Air - Aeroplane - Middle Distance - Liquefied Hydrogen - Euro 10 (2035-39) - Passenger Transport,1.0,8.0,43.0,0.0
1,9,4181.0,13,Air - Aeroplane - Middle Distance - Liquefied Hydrogen - Euro 10 (2035-39) - Passenger Transport,1.0,8.0,43.0,0.0
1,9,4182.0,9,Air - Aeroplane - Middle Distance - Liquefied Hydrogen - Euro 12 (2045-49) - Passenger Transport,1.0,8.0,43.0,0.0
1,9,4182.0,13,Air - Aeroplane - Middle Distance - Liquefied Hydrogen - Euro 12 (2045-49) - Passenger Transport,1.0,8.0,43.0,0.0
1,9,4190.0,9,Air - Aeroplane - Middle Distance - Aviation fuel (Jet A-1) - Euro 6 (2015-19) - Passenger Transport,1.0,8.0,43.0,0.0
1,9,4190.0,13,Air - Aeroplane - Middle Distance - Aviation fuel (Jet A-1) - Euro 6 (2015-19) - Passenger Transport,1.0,8.0,43.0,0.0
1,9,4191.0,9,Air - Aeroplane - Middle Distance - Aviation fuel (Jet A-1) - Euro 8 (2025-29) - Passenger Transport,1.0,8.0,43.0,0.0
1,9,4191.0,13,Air - Aeroplane - Middle Distance - Aviation fuel (Jet A-1) - Euro 8 (2025-29) - Passenger Transport,1.0,8.0,43.0,0.0
1,9,4192.0,9,Air - Aeroplane - Middle Distance - Aviation fuel (Jet A-1) - Euro 10 (2035-39) - Passenger Transpor,1.0,8.0,43.0,0.0
1,9,4192.0,13,Air - Aeroplane - Middle Distance - Aviation fuel (Jet A-1) - Euro 10 (2035-39) - Passenger Transpor,1.0,8.0,43.0,0.0
1,9,4193.0,9,Air - Aeroplane - Middle Distance - Aviation fuel (Jet A-1) - Euro 12 (2045-49) - Passenger Transpor,1.0,8.0,43.0,0.0
1,9,4193.0,13,Air - Aeroplane - Middle Distance - Aviation fuel (Jet A-1) - Euro 12 (2045-49) - Passenger Transpor,1.0,8.0,43.0,0.0
1,9,4200.0,9,Air - Aeroplane - Long Distance - Aviation fuel (Jet A-1) - Standard 1 - Freight Transport,2.0,8.0,44.0,0.0
1,9,4200.0,13,Air - Aeroplane - Long Distance - Aviation fuel (Jet A-1) - Standard 1 - Freight Transport,2.0,8.0,44.0,0.004352393
1,9,4210.0,9,Air - Aeroplane - Long Distance - Aviation fuel (Jet A-1) - Standard 1 - Passenger Transport,1.0,8.0,44.0,0.0
1,9,4210.0,13,Air - Aeroplane - Long Distance - Aviation fuel (Jet A-1) - Standard 1 - Passenger Transport,1.0,8.0,44.0,0.03507875
1,9,4220.0,9,Air - Aeroplane - Long Distance - Aviation fuel (Jet A-1) - Standard 2 - Passenger Transport,1.0,8.0,44.0,0.0
1,9,4220.0,13,Air - Aeroplane - Long Distance - Aviation fuel (Jet A-1) - Standard 2 - Passenger Transport,1.0,8.0,44.0,0.015581590000000001
1,9,4230.0,9,Air - Aeroplane - Long Distance - Aviation fuel (Jet A-1) - Standard 2 - Freight Transport,2.0,8.0,44.0,0.0
1,9,4230.0,13,Air - Aeroplane - Long Distance - Aviation fuel (Jet A-1) - Standard 2 - Freight Transport,2.0,8.0,44.0,0.004308906
1,9,4240.0,9,Air - Aeroplane - Long Distance - Liquefied Hydrogen - Standard 3 - Passenger Transport,1.0,8.0,44.0,0.0
1,9,4240.0,13,Air - Aeroplane - Long Distance - Liquefied Hydrogen - Standard 3 - Passenger Transport,1.0,8.0,44.0,0.0
1,9,4241.0,9,Air - Aeroplane - Long Distance - Liquefied Hydrogen - Euro 10 (2035-39) - Passenger Transport,1.0,8.0,44.0,0.0
1,9,4241.0,13,Air - Aeroplane - Long Distance - Liquefied Hydrogen - Euro 10 (2035-39) - Passenger Transport,1.0,8.0,44.0,0.0
1,9,4242.0,9,Air - Aeroplane - Long Distance - Liquefied Hydrogen - Euro 12 (2045-49) - Passenger Transport,1.0,8.0,44.0,0.0
1,9,4242.0,13,Air - Aeroplane - Long Distance - Liquefied Hydrogen - Euro 12 (2045-49) - Passenger Transport,1.0,8.0,44.0,0.0
1,9,4250.0,9,Air - Aeroplane - Long Distance - Aviation fuel (Jet A-1) - Euro 6 (2015-19) - Passenger Transport,1.0,8.0,44.0,0.0
1,9,4250.0,13,Air - Aeroplane - Long Distance - Aviation fuel (Jet A-1) - Euro 6 (2015-19) - Passenger Transport,1.0,8.0,44.0,0.0
1,9,4251.0,9,Air - Aeroplane - Long Distance - Aviation fuel (Jet A-1) - Euro 8 (2025-29) - Passenger Transport,1.0,8.0,44.0,0.0
1,9,4251.0,13,Air - Aeroplane - Long Distance - Aviation fuel (Jet A-1) - Euro 8 (2025-29) - Passenger Transport,1.0,8.0,44.0,0.0
1,9,4252.0,9,Air - Aeroplane - Long Distance - Aviation fuel (Jet A-1) - Euro 10 (2035-39) - Passenger Transport,1.0,8.0,44.0,0.0
1,9,4252.0,13,Air - Aeroplane - Long Distance - Aviation fuel (Jet A-1) - Euro 10 (2035-39) - Passenger Transport,1.0,8.0,44.0,0.0
1,9,4253.0,9,Air - Aeroplane - Long Distance - Aviation fuel (Jet A-1) - Euro 12 (2045-49) - Passenger Transport,1.0,8.0,44.0,0.0
1,9,4253.0,13,Air - Aeroplane - Long Distance - Aviation fuel (Jet A-1) - Euro 12 (2045-49) - Passenger Transport,1.0,8.0,44.0,0.0
1,9,4260.0,9,Air - Aeroplane - Long Distance - Liquefied Hydrogen - Standard 3 - Freight Transport,2.0,8.0,44.0,0.0
1,9,4260.0,13,Air - Aeroplane - Long Distance - Liquefied Hydrogen - Standard 3 - Freight Transport,2.0,8.0,44.0,0.0
1,9,4261.0,9,Air - Aeroplane - Long Distance - Liquefied Hydrogen - Euro 10 (2035-39) - Freight Transport,2.0,8.0,44.0,0.0
1,9,4261.0,13,Air - Aeroplane - Long Distance - Liquefied Hydrogen - Euro 10 (2035-39) - Freight Transport,2.0,8.0,44.0,0.0
1,9,4262.0,9,Air - Aeroplane - Long Distance - Liquefied Hydrogen - Euro 12 (2045-49) - Freight Transport,2.0,8.0,44.0,0.0
1,9,4262.0,13,Air - Aeroplane - Long Distance - Liquefied Hydrogen - Euro 12 (2045-49) - Freight Transport,2.0,8.0,44.0,0.0
1,9,4270.0,9,Air - Aeroplane - Long Distance - Aviation fuel (Jet A-1) - Euro 6 (2015-19) - Freight Transport,2.0,8.0,44.0,0.0
1,9,4270.0,13,Air - Aeroplane - Long Distance - Aviation fuel (Jet A-1) - Euro 6 (2015-19) - Freight Transport,2.0,8.0,44.0,0.0
1,9,4271.0,9,Air - Aeroplane - Long Distance - Aviation fuel (Jet A-1) - Euro 8 (2025-29) - Freight Transport,2.0,8.0,44.0,0.0
1,9,4271.0,13,Air - Aeroplane - Long Distance - Aviation fuel (Jet A-1) - Euro 8 (2025-29) - Freight Transport,2.0,8.0,44.0,0.0
1,9,4272.0,9,Air - Aeroplane - Long Distance - Aviation fuel (Jet A-1) - Euro 10 (2035-39) - Freight Transport,2.0,8.0,44.0,0.0
1,9,4272.0,13,Air - Aeroplane - Long Distance - Aviation fuel (Jet A-1) - Euro 10 (2035-39) - Freight Transport,2.0,8.0,44.0,0.0
1,9,4273.0,9,Air - Aeroplane - Long Distance - Aviation fuel (Jet A-1) - Euro 12 (2045-49) - Freight Transport,2.0,8.0,44.0,0.0
1,9,4273.0,13,Air - Aeroplane - Long Distance - Aviation fuel (Jet A-1) - Euro 12 (2045-49) - Freight Transport,2.0,8.0,44.0,0.0
1,9,4275.0,9,Air - Aeroplane - Supersonic - Aviation fuel (Jet A-1) - Standard 1 - Passenger Transport,1.0,8.0,45.0,0.0
1,9,4275.0,13,Air - Aeroplane - Supersonic - Aviation fuel (Jet A-1) - Standard 1 - Passenger Transport,1.0,8.0,45.0,0.0
1,9,4280.0,9,Air - Aeroplane - Supersonic - Aviation fuel (Jet A-1) - Standard 2 - Freight Transport,2.0,8.0,45.0,0.0
1,9,4280.0,13,Air - Aeroplane - Supersonic - Aviation fuel (Jet A-1) - Standard 2 - Freight Transport,2.0,8.0,45.0,0.0
1,9,4281.0,9,Air - Aeroplane - Supersonic - Aviation fuel (Jet A-1) - Euro 6 (2015-19) - Freight Transport,2.0,8.0,45.0,0.0
1,9,4281.0,13,Air - Aeroplane - Supersonic - Aviation fuel (Jet A-1) - Euro 6 (2015-19) - Freight Transport,2.0,8.0,45.0,0.0
1,9,4282.0,9,Air - Aeroplane - Supersonic - Aviation fuel (Jet A-1) - Euro 8 (2025-29) - Freight Transport,2.0,8.0,45.0,0.0
1,9,4282.0,13,Air - Aeroplane - Supersonic - Aviation fuel (Jet A-1) - Euro 8 (2025-29) - Freight Transport,2.0,8.0,45.0,0.0
1,9,4283.0,9,Air - Aeroplane - Supersonic - Aviation fuel (Jet A-1) - Euro 10 (2035-39) - Freight Transport,2.0,8.0,45.0,0.0
1,9,4283.0,13,Air - Aeroplane - Supersonic - Aviation fuel (Jet A-1) - Euro 10 (2035-39) - Freight Transport,2.0,8.0,45.0,0.0
1,9,4284.0,9,Air - Aeroplane - Supersonic - Aviation fuel (Jet A-1) - Euro 12 (2045-49) - Freight Transport,2.0,8.0,45.0,0.0
1,9,4284.0,13,Air - Aeroplane - Supersonic - Aviation fuel (Jet A-1) - Euro 12 (2045-49) - Freight Transport,2.0,8.0,45.0,0.0
1,9,4290.0,9,Air - Aeroplane - Supersonic - Aviation fuel (Jet A-1) - Standard 2 - Passenger Transport,1.0,8.0,45.0,0.0
1,9,4290.0,13,Air - Aeroplane - Supersonic - Aviation fuel (Jet A-1) - Standard 2 - Passenger Transport,1.0,8.0,45.0,0.0
1,9,4291.0,9,Air - Aeroplane - Supersonic - Aviation fuel (Jet A-1) - Euro 6 (2015-19) - Passenger Transport,1.0,8.0,45.0,0.0
1,9,4291.0,13,Air - Aeroplane - Supersonic - Aviation fuel (Jet A-1) - Euro 6 (2015-19) - Passenger Transport,1.0,8.0,45.0,0.0
1,9,4292.0,9,Air - Aeroplane - Supersonic - Aviation fuel (Jet A-1) - Euro 8 (2025-29) - Passenger Transport,1.0,8.0,45.0,0.0
1,9,4292.0,13,Air - Aeroplane - Supersonic - Aviation fuel (Jet A-1) - Euro 8 (2025-29) - Passenger Transport,1.0,8.0,45.0,0.0
1,9,4293.0,9,Air - Aeroplane - Supersonic - Aviation fuel (Jet A-1) - Euro 10 (2035-39) - Passenger Transport,1.0,8.0,45.0,0.0
1,9,4293.0,13,Air - Aeroplane - Supersonic - Aviation fuel (Jet A-1) - Euro 10 (2035-39) - Passenger Transport,1.0,8.0,45.0,0.0
1,9,4294.0,9,Air - Aeroplane - Supersonic - Aviation fuel (Jet A-1) - Euro 12 (2045-49) - Passenger Transport,1.0,8.0,45.0,0.0
1,9,4294.0,13,Air - Aeroplane - Supersonic - Aviation fuel (Jet A-1) - Euro 12 (2045-49) - Passenger Transport,1.0,8.0,45.0,0.0
1,9,4310.0,9,Air - Aeroplane - Supersonic - Liquefied Hydrogen - Standard 3 - Freight Transport,2.0,8.0,45.0,0.0
1,9,4310.0,13,Air - Aeroplane - Supersonic - Liquefied Hydrogen - Standard 3 - Freight Transport,2.0,8.0,45.0,0.0
1,9,4311.0,9,Air - Aeroplane - Supersonic - Liquefied Hydrogen - Euro 10 (2035-39) - Freight Transport,2.0,8.0,45.0,0.0
1,9,4311.0,13,Air - Aeroplane - Supersonic - Liquefied Hydrogen - Euro 10 (2035-39) - Freight Transport,2.0,8.0,45.0,0.0
1,9,4312.0,9,Air - Aeroplane - Supersonic - Liquefied Hydrogen - Euro 12 (2045-49) - Freight Transport,2.0,8.0,45.0,0.0
1,9,4312.0,13,Air - Aeroplane - Supersonic - Liquefied Hydrogen - Euro 12 (2045-49) - Freight Transport,2.0,8.0,45.0,0.0
1,9,4320.0,9,Air - Aeroplane - Supersonic - Liquefied Hydrogen - Standard 3 - Passenger Transport,1.0,8.0,45.0,0.0
1,9,4320.0,13,Air - Aeroplane - Supersonic - Liquefied Hydrogen - Standard 3 - Passenger Transport,1.0,8.0,45.0,0.0
1,9,4321.0,9,Air - Aeroplane - Supersonic - Liquefied Hydrogen - Euro 10 (2035-39) - Passenger Transport,1.0,8.0,45.0,0.0
1,9,4321.0,13,Air - Aeroplane - Supersonic - Liquefied Hydrogen - Euro 10 (2035-39) - Passenger Transport,1.0,8.0,45.0,0.0
1,9,4322.0,9,Air - Aeroplane - Supersonic - Liquefied Hydrogen - Euro 12 (2045-49) - Passenger Transport,1.0,8.0,45.0,0.0
1,9,4322.0,13,Air - Aeroplane - Supersonic - Liquefied Hydrogen - Euro 12 (2045-49) - Passenger Transport,1.0,8.0,45.0,0.0
1,9,9070.0,1,Road-Small (car)-Conventional (pre-EURO)-Passenger Transport,1.0,3.0,1.0,0.5524931269
1,9,9070.0,2,Road-Small (car)-Conventional (pre-EURO)-Passenger Transport,1.0,3.0,1.0,0.27624656345
1,9,9070.0,3,Road-Small (car)-Conventional (pre-EURO)-Passenger Transport,1.0,3.0,1.0,0.27624656345
1,9,9080.0,1,Road-Small (car)-Euro 5 (2009-14)-Passenger Transport,1.0,3.0,1.0,0.5524931269
1,9,9080.0,2,Road-Small (car)-Euro 5 (2009-14)-Passenger Transport,1.0,3.0,1.0,0.27624656345
1,9,9080.0,3,Road-Small (car)-Euro 5 (2009-14)-Passenger Transport,1.0,3.0,1.0,0.27624656345
1,9,9081.0,1,Road-Small (car)-Euro 6 (2015-19)-Passenger Transport,1.0,3.0,1.0,0.5524931269
1,9,9081.0,2,Road-Small (car)-Euro 6 (2015-19)-Passenger Transport,1.0,3.0,1.0,0.27624656345
1,9,9081.0,3,Road-Small (car)-Euro 6 (2015-19)-Passenger Transport,1.0,3.0,1.0,0.27624656345
1,9,9090.0,1,Road-Small (car)-Euro 1 (1992-96)-Passenger Transport,1.0,3.0,1.0,0.5524931269
1,9,9090.0,2,Road-Small (car)-Euro 1 (1992-96)-Passenger Transport,1.0,3.0,1.0,0.27624656345
1,9,9090.0,3,Road-Small (car)-Euro 1 (1992-96)-Passenger Transport,1.0,3.0,1.0,0.27624656345
1,9,9100.0,1,Road-Small (car)-Euro 2 (1996-2001)-Passenger Transport,1.0,3.0,1.0,0.5524931269
1,9,9100.0,2,Road-Small (car)-Euro 2 (1996-2001)-Passenger Transport,1.0,3.0,1.0,0.27624656345
1,9,9100.0,3,Road-Small (car)-Euro 2 (1996-2001)-Passenger Transport,1.0,3.0,1.0,0.27624656345
1,9,9110.0,1,Road-Small (car)-Euro 3 (2001-05)-Passenger Transport,1.0,3.0,1.0,0.5524931269
1,9,9110.0,2,Road-Small (car)-Euro 3 (2001-05)-Passenger Transport,1.0,3.0,1.0,0.27624656345
1,9,9110.0,3,Road-Small (car)-Euro 3 (2001-05)-Passenger Transport,1.0,3.0,1.0,0.27624656345
1,9,9120.0,1,Road-Small (car)-Euro 4 (2005-09)-Passenger Transport,1.0,3.0,1.0,0.5524931269
1,9,9120.0,2,Road-Small (car)-Euro 4 (2005-09)-Passenger Transport,1.0,3.0,1.0,0.27624656345
1,9,9120.0,3,Road-Small (car)-Euro 4 (2005-09)-Passenger Transport,1.0,3.0,1.0,0.27624656345
1,9,9130.0,1,Road-Medium (car)-Conventional (pre-EURO)-Passenger Transport,1.0,3.0,2.0,0.1099701852857143
1,9,9130.0,2,Road-Medium (car)-Conventional (pre-EURO)-Passenger Transport,1.0,3.0,2.0,0.0549850926428571
1,9,9130.0,3,Road-Medium (car)-Conventional (pre-EURO)-Passenger Transport,1.0,3.0,2.0,0.0549850926428571
1,9,9140.0,1,Road-Medium (car)-Euro 5 (2009-14)-Passenger Transport,1.0,3.0,2.0,0.1099701852857143
1,9,9140.0,2,Road-Medium (car)-Euro 5 (2009-14)-Passenger Transport,1.0,3.0,2.0,0.0549850926428571
1,9,9140.0,3,Road-Medium (car)-Euro 5 (2009-14)-Passenger Transport,1.0,3.0,2.0,0.0549850926428571
1,9,9150.0,1,Road-Medium (car)-Euro 1 (1992-96)-Passenger Transport,1.0,3.0,2.0,0.1099701852857143
1,9,9150.0,2,Road-Medium (car)-Euro 1 (1992-96)-Passenger Transport,1.0,3.0,2.0,0.0549850926428571
1,9,9150.0,3,Road-Medium (car)-Euro 1 (1992-96)-Passenger Transport,1.0,3.0,2.0,0.0549850926428571
1,9,9160.0,1,Road-Medium (car)-Euro 2 (1996-2001)-Passenger Transport,1.0,3.0,2.0,0.1099701852857143
1,9,9160.0,2,Road-Medium (car)-Euro 2 (1996-2001)-Passenger Transport,1.0,3.0,2.0,0.0549850926428571
1,9,9160.0,3,Road-Medium (car)-Euro 2 (1996-2001)-Passenger Transport,1.0,3.0,2.0,0.0549850926428571
1,9,9170.0,1,Road-Medium (car)-Euro 3 (2001-05)-Passenger Transport,1.0,3.0,2.0,0.1099701852857143
1,9,9170.0,2,Road-Medium (car)-Euro 3 (2001-05)-Passenger Transport,1.0,3.0,2.0,0.0549850926428571
1,9,9170.0,3,Road-Medium (car)-Euro 3 (2001-05)-Passenger Transport,1.0,3.0,2.0,0.0549850926428571
1,9,9171.0,1,Road-Medium (car)-Euro 6 (2015-19)-Passenger Transport,1.0,3.0,2.0,0.1099701852857143
1,9,9171.0,2,Road-Medium (car)-Euro 6 (2015-19)-Passenger Transport,1.0,3.0,2.0,0.0549850926428571
1,9,9171.0,3,Road-Medium (car)-Euro 6 (2015-19)-Passenger Transport,1.0,3.0,2.0,0.0549850926428571
1,9,9181.0,1,Road-Medium (car)-Euro 4 (2005-09)-Passenger Transport,1.0,3.0,2.0,0.1099701852857143
1,9,9181.0,2,Road-Medium (car)-Euro 4 (2005-09)-Passenger Transport,1.0,3.0,2.0,0.0549850926428571
1,9,9181.0,3,Road-Medium (car)-Euro 4 (2005-09)-Passenger Transport,1.0,3.0,2.0,0.0549850926428571
1,9,9190.0,1,Road-Large (car)-Conventional (pre-EURO)-Passenger Transport,1.0,3.0,3.0,0.0123504079571428
1,9,9190.0,2,Road-Large (car)-Conventional (pre-EURO)-Passenger Transport,1.0,3.0,3.0,0.0061752039785714
1,9,9190.0,3,Road-Large (car)-Conventional (pre-EURO)-Passenger Transport,1.0,3.0,3.0,0.0061752039785714
1,9,9200.0,1,Road-Large (car)-Euro 5 (2009-14)-Passenger Transport,1.0,3.0,3.0,0.0123504079571428
1,9,9200.0,2,Road-Large (car)-Euro 5 (2009-14)-Passenger Transport,1.0,3.0,3.0,0.0061752039785714
1,9,9200.0,3,Road-Large (car)-Euro 5 (2009-14)-Passenger Transport,1.0,3.0,3.0,0.0061752039785714
1,9,9210.0,1,Road-Large (car)-Euro 1 (1992-96)-Passenger Transport,1.0,3.0,3.0,0.0123504079571428
1,9,9210.0,2,Road-Large (car)-Euro 1 (1992-96)-Passenger Transport,1.0,3.0,3.0,0.0061752039785714
1,9,9210.0,3,Road-Large (car)-Euro 1 (1992-96)-Passenger Transport,1.0,3.0,3.0,0.0061752039785714
1,9,9220.0,1,Road-Large (car)-Euro 2 (1996-2001)-Passenger Transport,1.0,3.0,3.0,0.0123504079571428
1,9,9220.0,2,Road-Large (car)-Euro 2 (1996-2001)-Passenger Transport,1.0,3.0,3.0,0.0061752039785714
1,9,9220.0,3,Road-Large (car)-Euro 2 (1996-2001)-Passenger Transport,1.0,3.0,3.0,0.0061752039785714
1,9,9230.0,1,Road-Large (car)-Euro 3 (2001-05)-Passenger Transport,1.0,3.0,3.0,0.0123504079571428
1,9,9230.0,2,Road-Large (car)-Euro 3 (2001-05)-Passenger Transport,1.0,3.0,3.0,0.0061752039785714
1,9,9230.0,3,Road-Large (car)-Euro 3 (2001-05)-Passenger Transport,1.0,3.0,3.0,0.0061752039785714
1,9,9240.0,1,Road-Large (car)-Euro 4 (2005-09)-Passenger Transport,1.0,3.0,3.0,0.0123504079571428
1,9,9240.0,2,Road-Large (car)-Euro 4 (2005-09)-Passenger Transport,1.0,3.0,3.0,0.0061752039785714
1,9,9240.0,3,Road-Large (car)-Euro 4 (2005-09)-Passenger Transport,1.0,3.0,3.0,0.0061752039785714
1,9,9245.0,1,Road-Large (car)-Euro 6 (2015-19)-Passenger Transport,1.0,3.0,3.0,0.0123504079571428
1,9,9245.0,2,Road-Large (car)-Euro 6 (2015-19)-Passenger Transport,1.0,3.0,3.0,0.0061752039785714
1,9,9245.0,3,Road-Large (car)-Euro 6 (2015-19)-Passenger Transport,1.0,3.0,3.0,0.0061752039785714
1,9,9250.0,1,Road-Medium (car)-Conventional (pre-EURO)-Passenger Transport,1.0,3.0,2.0,0.0094251669571428
1,9,9250.0,2,Road-Medium (car)-Conventional (pre-EURO)-Passenger Transport,1.0,3.0,2.0,0.0047125834785714
1,9,9250.0,3,Road-Medium (car)-Conventional (pre-EURO)-Passenger Transport,1.0,3.0,2.0,0.0047125834785714
1,9,9251.0,1,Road-Medium (car)-Euro 6 (2015-19)-Passenger Transport,1.0,3.0,2.0,0.0094251669571428
1,9,9251.0,2,Road-Medium (car)-Euro 6 (2015-19)-Passenger Transport,1.0,3.0,2.0,0.0047125834785714
1,9,9251.0,3,Road-Medium (car)-Euro 6 (2015-19)-Passenger Transport,1.0,3.0,2.0,0.0047125834785714
1,9,9260.0,1,Road-Medium (car)-Euro 5 (2009-14)-Passenger Transport,1.0,3.0,2.0,0.0094251669571428
1,9,9260.0,2,Road-Medium (car)-Euro 5 (2009-14)-Passenger Transport,1.0,3.0,2.0,0.0047125834785714
1,9,9260.0,3,Road-Medium (car)-Euro 5 (2009-14)-Passenger Transport,1.0,3.0,2.0,0.0047125834785714
1,9,9265.0,1,Road-Small (car)-Conventional (pre-EURO)-Passenger Transport,1.0,3.0,1.0,0.0133981055714285
1,9,9265.0,2,Road-Small (car)-Conventional (pre-EURO)-Passenger Transport,1.0,3.0,1.0,0.0066990527857142
1,9,9265.0,3,Road-Small (car)-Conventional (pre-EURO)-Passenger Transport,1.0,3.0,1.0,0.0066990527857142
1,9,9266.0,1,Road-Small (car)-Euro 1 (1992-96)-Passenger Transport,1.0,3.0,1.0,0.0133981055714285
1,9,9266.0,2,Road-Small (car)-Euro 1 (1992-96)-Passenger Transport,1.0,3.0,1.0,0.0066990527857142
1,9,9266.0,3,Road-Small (car)-Euro 1 (1992-96)-Passenger Transport,1.0,3.0,1.0,0.0066990527857142
1,9,9267.0,1,Road-Small (car)-Euro 2 (1996-2001)-Passenger Transport,1.0,3.0,1.0,0.0133981055714285
1,9,9267.0,2,Road-Small (car)-Euro 2 (1996-2001)-Passenger Transport,1.0,3.0,1.0,0.0066990527857142
1,9,9267.0,3,Road-Small (car)-Euro 2 (1996-2001)-Passenger Transport,1.0,3.0,1.0,0.0066990527857142
1,9,9268.0,1,Road-Small (car)-Euro 5 (2009-14)-Passenger Transport,1.0,3.0,1.0,0.0133981055714285
1,9,9268.0,2,Road-Small (car)-Euro 5 (2009-14)-Passenger Transport,1.0,3.0,1.0,0.0066990527857142
1,9,9268.0,3,Road-Small (car)-Euro 5 (2009-14)-Passenger Transport,1.0,3.0,1.0,0.0066990527857142
1,9,9269.0,1,Road-Small (car)-Euro 6 (2015-19)-Passenger Transport,1.0,3.0,1.0,0.0133981055714285
1,9,9269.0,2,Road-Small (car)-Euro 6 (2015-19)-Passenger Transport,1.0,3.0,1.0,0.0066990527857142
1,9,9269.0,3,Road-Small (car)-Euro 6 (2015-19)-Passenger Transport,1.0,3.0,1.0,0.0066990527857142
1,9,9270.0,1,Road-Medium (car)-Euro 1 (1992-96)-Passenger Transport,1.0,3.0,2.0,0.0094251669571428
1,9,9270.0,2,Road-Medium (car)-Euro 1 (1992-96)-Passenger Transport,1.0,3.0,2.0,0.0047125834785714
1,9,9270.0,3,Road-Medium (car)-Euro 1 (1992-96)-Passenger Transport,1.0,3.0,2.0,0.0047125834785714
1,9,9280.0,1,Road-Medium (car)-Euro 2 (1996-2001)-Passenger Transport,1.0,3.0,2.0,0.0094251669571428
1,9,9280.0,2,Road-Medium (car)-Euro 2 (1996-2001)-Passenger Transport,1.0,3.0,2.0,0.0047125834785714
1,9,9280.0,3,Road-Medium (car)-Euro 2 (1996-2001)-Passenger Transport,1.0,3.0,2.0,0.0047125834785714
1,9,9290.0,1,Road-Medium (car)-Euro 3 (2001-05)-Passenger Transport,1.0,3.0,2.0,0.0094251669571428
1,9,9290.0,2,Road-Medium (car)-Euro 3 (2001-05)-Passenger Transport,1.0,3.0,2.0,0.0047125834785714
1,9,9290.0,3,Road-Medium (car)-Euro 3 (2001-05)-Passenger Transport,1.0,3.0,2.0,0.0047125834785714
1,9,9295.0,1,Road-Small (car)-Euro 3 (2001-05)-Passenger Transport,1.0,3.0,1.0,0.0133981055714285
1,9,9295.0,2,Road-Small (car)-Euro 3 (2001-05)-Passenger Transport,1.0,3.0,1.0,0.0066990527857142
1,9,9295.0,3,Road-Small (car)-Euro 3 (2001-05)-Passenger Transport,1.0,3.0,1.0,0.0066990527857142
1,9,9300.0,1,Road-Medium (car)-Euro 4 (2005-09)-Passenger Transport,1.0,3.0,2.0,0.0094251669571428
1,9,9300.0,2,Road-Medium (car)-Euro 4 (2005-09)-Passenger Transport,1.0,3.0,2.0,0.0047125834785714
1,9,9300.0,3,Road-Medium (car)-Euro 4 (2005-09)-Passenger Transport,1.0,3.0,2.0,0.0047125834785714
1,9,9302.0,1,Road-Medium (car)-Euro 4 (2005-09)-Passenger Transport,1.0,3.0,2.0,0.0
1,9,9302.0,2,Road-Medium (car)-Euro 4 (2005-09)-Passenger Transport,1.0,3.0,2.0,0.0
1,9,9302.0,3,Road-Medium (car)-Euro 4 (2005-09)-Passenger Transport,1.0,3.0,2.0,0.0
1,9,9305.0,1,Road-Small (car)-Euro 4 (2005-09)-Passenger Transport,1.0,3.0,1.0,0.0133981055714285
1,9,9305.0,2,Road-Small (car)-Euro 4 (2005-09)-Passenger Transport,1.0,3.0,1.0,0.0066990527857142
1,9,9305.0,3,Road-Small (car)-Euro 4 (2005-09)-Passenger Transport,1.0,3.0,1.0,0.0066990527857142
1,9,9310.0,1,Road-Large (car)-Conventional (pre-EURO)-Passenger Transport,1.0,3.0,3.0,0.0207114140142857
1,9,9310.0,2,Road-Large (car)-Conventional (pre-EURO)-Passenger Transport,1.0,3.0,3.0,0.0103557070071428
1,9,9310.0,3,Road-Large (car)-Conventional (pre-EURO)-Passenger Transport,1.0,3.0,3.0,0.0103557070071428
1,9,9330.0,1,Road-Large (car)-Euro 1 (1992-96)-Passenger Transport,1.0,3.0,3.0,0.0207114140142857
1,9,9330.0,2,Road-Large (car)-Euro 1 (1992-96)-Passenger Transport,1.0,3.0,3.0,0.0103557070071428
1,9,9330.0,3,Road-Large (car)-Euro 1 (1992-96)-Passenger Transport,1.0,3.0,3.0,0.0103557070071428
1,9,9340.0,1,Road-Large (car)-Euro 2 (1996-2001)-Passenger Transport,1.0,3.0,3.0,0.0207114140142857
1,9,9340.0,2,Road-Large (car)-Euro 2 (1996-2001)-Passenger Transport,1.0,3.0,3.0,0.0103557070071428
1,9,9340.0,3,Road-Large (car)-Euro 2 (1996-2001)-Passenger Transport,1.0,3.0,3.0,0.0103557070071428
1,9,9350.0,1,Road-Large (car)-Euro 3 (2001-05)-Passenger Transport,1.0,3.0,3.0,0.0207114140142857
1,9,9350.0,2,Road-Large (car)-Euro 3 (2001-05)-Passenger Transport,1.0,3.0,3.0,0.0103557070071428
1,9,9350.0,3,Road-Large (car)-Euro 3 (2001-05)-Passenger Transport,1.0,3.0,3.0,0.0103557070071428
1,9,9360.0,1,Road-Large (car)-Euro 4 (2005-09)-Passenger Transport,1.0,3.0,3.0,0.0207114140142857
1,9,9360.0,2,Road-Large (car)-Euro 4 (2005-09)-Passenger Transport,1.0,3.0,3.0,0.0103557070071428
1,9,9360.0,3,Road-Large (car)-Euro 4 (2005-09)-Passenger Transport,1.0,3.0,3.0,0.0103557070071428
1,9,9362.0,1,Road-Large (car)-Euro 4 (2005-09)-Passenger Transport,1.0,3.0,3.0,0.0
1,9,9362.0,2,Road-Large (car)-Euro 4 (2005-09)-Passenger Transport,1.0,3.0,3.0,0.0
1,9,9362.0,3,Road-Large (car)-Euro 4 (2005-09)-Passenger Transport,1.0,3.0,3.0,0.0
1,9,9363.0,1,Road-Large (car)-Euro 5 (2009-14)-Passenger Transport,1.0,3.0,3.0,0.0207114140142857
1,9,9363.0,2,Road-Large (car)-Euro 5 (2009-14)-Passenger Transport,1.0,3.0,3.0,0.0103557070071428
1,9,9363.0,3,Road-Large (car)-Euro 5 (2009-14)-Passenger Transport,1.0,3.0,3.0,0.0103557070071428
1,9,9366.0,1,Road-Large (car)-Euro 6 (2015-19)-Passenger Transport,1.0,3.0,3.0,0.0207114140142857
1,9,9366.0,2,Road-Large (car)-Euro 6 (2015-19)-Passenger Transport,1.0,3.0,3.0,0.0103557070071428
1,9,9366.0,3,Road-Large (car)-Euro 6 (2015-19)-Passenger Transport,1.0,3.0,3.0,0.0103557070071428
1,9,9520.0,1,Road-Small (car)-Euro 4 (2005-09)-Passenger Transport,1.0,3.0,1.0,0.0
1,9,9520.0,2,Road-Small (car)-Euro 4 (2005-09)-Passenger Transport,1.0,3.0,1.0,0.0
1,9,9520.0,3,Road-Small (car)-Euro 4 (2005-09)-Passenger Transport,1.0,3.0,1.0,0.0
1,9,9521.0,1,Road-Small (car)-Euro 5 (2009-14)-Passenger Transport,1.0,3.0,1.0,0.0
1,9,9521.0,2,Road-Small (car)-Euro 5 (2009-14)-Passenger Transport,1.0,3.0,1.0,0.0
1,9,9521.0,3,Road-Small (car)-Euro 5 (2009-14)-Passenger Transport,1.0,3.0,1.0,0.0
1,9,9522.0,1,Road-Small (car)-Euro 6 (2015-19)-Passenger Transport,1.0,3.0,1.0,0.0
1,9,9522.0,2,Road-Small (car)-Euro 6 (2015-19)-Passenger Transport,1.0,3.0,1.0,0.0
1,9,9522.0,3,Road-Small (car)-Euro 6 (2015-19)-Passenger Transport,1.0,3.0,1.0,0.0
1,9,9550.0,1,Road-Small (car)-Conventional (pre-EURO)-Passenger Transport,1.0,3.0,1.0,0.0
1,9,9550.0,2,Road-Small (car)-Conventional (pre-EURO)-Passenger Transport,1.0,3.0,1.0,0.0
1,9,9550.0,3,Road-Small (car)-Conventional (pre-EURO)-Passenger Transport,1.0,3.0,1.0,0.0
1,9,9551.0,1,Road-Small (car)-Euro 1 (1992-96)-Passenger Transport,1.0,3.0,1.0,0.0
1,9,9551.0,2,Road-Small (car)-Euro 1 (1992-96)-Passenger Transport,1.0,3.0,1.0,0.0
1,9,9551.0,3,Road-Small (car)-Euro 1 (1992-96)-Passenger Transport,1.0,3.0,1.0,0.0
1,9,9552.0,1,Road-Small (car)-Euro 2 (1996-2001)-Passenger Transport,1.0,3.0,1.0,0.0
1,9,9552.0,2,Road-Small (car)-Euro 2 (1996-2001)-Passenger Transport,1.0,3.0,1.0,0.0
1,9,9552.0,3,Road-Small (car)-Euro 2 (1996-2001)-Passenger Transport,1.0,3.0,1.0,0.0
1,9,9553.0,1,Road-Small (car)-Euro 3 (2001-05)-Passenger Transport,1.0,3.0,1.0,0.0
1,9,9553.0,2,Road-Small (car)-Euro 3 (2001-05)-Passenger Transport,1.0,3.0,1.0,0.0
1,9,9553.0,3,Road-Small (car)-Euro 3 (2001-05)-Passenger Transport,1.0,3.0,1.0,0.0
1,9,9554.0,1,Road-Small (car)-Euro 4 (2005-09)-Passenger Transport,1.0,3.0,1.0,0.0
1,9,9554.0,2,Road-Small (car)-Euro 4 (2005-09)-Passenger Transport,1.0,3.0,1.0,0.0
1,9,9554.0,3,Road-Small (car)-Euro 4 (2005-09)-Passenger Transport,1.0,3.0,1.0,0.0
1,9,9555.0,1,Road-Small (car)-Euro 5 (2009-14)-Passenger Transport,1.0,3.0,1.0,0.0
1,9,9555.0,2,Road-Small (car)-Euro 5 (2009-14)-Passenger Transport,1.0,3.0,1.0,0.0
1,9,9555.0,3,Road-Small (car)-Euro 5 (2009-14)-Passenger Transport,1.0,3.0,1.0,0.0
1,9,9556.0,1,Road-Small (car)-Euro 6 (2015-19)-Passenger Transport,1.0,3.0,1.0,0.0
1,9,9556.0,2,Road-Small (car)-Euro 6 (2015-19)-Passenger Transport,1.0,3.0,1.0,0.0
1,9,9556.0,3,Road-Small (car)-Euro 6 (2015-19)-Passenger Transport,1.0,3.0,1.0,0.0
1,9,9620.0,1,Road-Small (car)-Euro 4 (2005-09)-Passenger Transport,1.0,3.0,1.0,0.0
1,9,9620.0,2,Road-Small (car)-Euro 4 (2005-09)-Passenger Transport,1.0,3.0,1.0,0.0
1,9,9620.0,3,Road-Small (car)-Euro 4 (2005-09)-Passenger Transport,1.0,3.0,1.0,0.0
1,9,9630.0,1,Road-Mini (bus)-Euro 1 (1992-96)-Freight Transport,1.0,4.0,11.0,0.1076197142857143
1,9,9630.0,1,Road-Mini (bus)-Euro 1 (1992-96)-Freight Transport,2.0,4.0,11.0,0.13836129014
1,9,9630.0,2,Road-Mini (bus)-Euro 1 (1992-96)-Freight Transport,1.0,4.0,11.0,0.1076197142857143
1,9,9630.0,2,Road-Mini (bus)-Euro 1 (1992-96)-Freight Transport,2.0,4.0,11.0,0.13836129014
1,9,9630.0,3,Road-Mini (bus)-Euro 1 (1992-96)-Freight Transport,1.0,4.0,11.0,0.0538098571428571
1,9,9630.0,3,Road-Mini (bus)-Euro 1 (1992-96)-Freight Transport,2.0,4.0,11.0,0.06918064507
1,9,9640.0,1,Road-Mini (bus)-Conventional (pre-EURO)-Freight Transport,2.0,4.0,11.0,0.0289269552
1,9,9640.0,2,Road-Mini (bus)-Conventional (pre-EURO)-Freight Transport,2.0,4.0,11.0,0.0289269552
1,9,9640.0,3,Road-Mini (bus)-Conventional (pre-EURO)-Freight Transport,2.0,4.0,11.0,0.0144634776
1,9,9690.0,1,Road-Mini (bus)-Euro 1 (1992-96)-Freight Transport,2.0,4.0,11.0,0.12522833862
1,9,9690.0,2,Road-Mini (bus)-Euro 1 (1992-96)-Freight Transport,2.0,4.0,11.0,0.12522833862
1,9,9690.0,3,Road-Mini (bus)-Euro 1 (1992-96)-Freight Transport,2.0,4.0,11.0,0.06261416931
1,9,9695.0,1,Road-Mini (bus)-Euro 4 (2005-09)-Freight Transport,2.0,4.0,11.0,0.0043389255833333
1,9,9695.0,2,Road-Mini (bus)-Euro 4 (2005-09)-Freight Transport,2.0,4.0,11.0,0.0043389255833333
1,9,9695.0,3,Road-Mini (bus)-Euro 4 (2005-09)-Freight Transport,2.0,4.0,11.0,0.0021694627916666
1,9,9697.0,1,Road-Mini (bus)-Conventional (pre-EURO)-Freight Transport,2.0,4.0,11.0,0.031307084655
1,9,9697.0,2,Road-Mini (bus)-Conventional (pre-EURO)-Freight Transport,2.0,4.0,11.0,0.031307084655
1,9,9697.0,3,Road-Mini (bus)-Conventional (pre-EURO)-Freight Transport,2.0,4.0,11.0,0.25045667724
1,9,9698.0,1,Road-Mini (bus)-Conventional (pre-EURO)-Passenger Transport,1.0,4.0,11.0,0.1076197142857143
1,9,9698.0,2,Road-Mini (bus)-Conventional (pre-EURO)-Passenger Transport,1.0,4.0,11.0,0.1076197142857143
1,9,9698.0,3,Road-Mini (bus)-Conventional (pre-EURO)-Passenger Transport,1.0,4.0,11.0,0.0538098571428571
1,9,9699.0,1,Road-Mini (bus)-Euro 1 (1992-96)-Passenger Transport,1.0,4.0,11.0,0.1076197142857143
1,9,9699.0,2,Road-Mini (bus)-Euro 1 (1992-96)-Passenger Transport,1.0,4.0,11.0,0.1076197142857143
1,9,9699.0,3,Road-Mini (bus)-Euro 1 (1992-96)-Passenger Transport,1.0,4.0,11.0,0.0538098571428571
1,9,9700.0,1,Road-Mini (bus)-Euro 1 (1992-96)-Freight Transport,2.0,4.0,11.0,0.0043389255833333
1,9,9700.0,2,Road-Mini (bus)-Euro 1 (1992-96)-Freight Transport,2.0,4.0,11.0,0.0043389255833333
1,9,9700.0,3,Road-Mini (bus)-Euro 1 (1992-96)-Freight Transport,2.0,4.0,11.0,0.0021694627916666
1,9,9701.0,1,Road-Mini (bus)-Euro 2 (1996-2001)-Passenger Transport,1.0,4.0,11.0,0.1076197142857143
1,9,9701.0,2,Road-Mini (bus)-Euro 2 (1996-2001)-Passenger Transport,1.0,4.0,11.0,0.1076197142857143
1,9,9701.0,3,Road-Mini (bus)-Euro 2 (1996-2001)-Passenger Transport,1.0,4.0,11.0,0.0538098571428571
1,9,9702.0,1,Road-Mini (bus)-Euro 3 (2001-05)-Passenger Transport,1.0,4.0,11.0,0.1076197142857143
1,9,9702.0,2,Road-Mini (bus)-Euro 3 (2001-05)-Passenger Transport,1.0,4.0,11.0,0.1076197142857143
1,9,9702.0,3,Road-Mini (bus)-Euro 3 (2001-05)-Passenger Transport,1.0,4.0,11.0,0.0538098571428571
1,9,9720.0,1,Road-Mini (bus)-Euro 2 (1996-2001)-Freight Transport,2.0,4.0,11.0,0.0043389255833333
1,9,9720.0,2,Road-Mini (bus)-Euro 2 (1996-2001)-Freight Transport,2.0,4.0,11.0,0.0043389255833333
1,9,9720.0,3,Road-Mini (bus)-Euro 2 (1996-2001)-Freight Transport,2.0,4.0,11.0,0.0021694627916666
1,9,9810.0,1,Road-Mini (bus)-Euro 3 (2001-05)-Freight Transport,2.0,4.0,11.0,0.0043389255833333
1,9,9810.0,2,Road-Mini (bus)-Euro 3 (2001-05)-Freight Transport,2.0,4.0,11.0,0.0043389255833333
1,9,9810.0,3,Road-Mini (bus)-Euro 3 (2001-05)-Freight Transport,2.0,4.0,11.0,0.0021694627916666
1,9,9850.0,1,Road-Mini (bus)-Euro 4 (2005-09)-Freight Transport,2.0,4.0,11.0,0.0043389255833333
1,9,9850.0,2,Road-Mini (bus)-Euro 4 (2005-09)-Freight Transport,2.0,4.0,11.0,0.0043389255833333
1,9,9850.0,3,Road-Mini (bus)-Euro 4 (2005-09)-Freight Transport,2.0,4.0,11.0,0.0021694627916666
1,9,10200.0,1,Road-PanelSideVan (truck)-Conventional (pre-EURO)-Freight Transport,2.0,5.0,21.0,0.0099907385
1,9,10200.0,2,Road-PanelSideVan (truck)-Conventional (pre-EURO)-Freight Transport,2.0,5.0,21.0,0.0099907385
1,9,10200.0,3,Road-PanelSideVan (truck)-Conventional (pre-EURO)-Freight Transport,2.0,5.0,21.0,0.00499536925
1,9,10220.0,1,Road-PanelSideVan (truck)-Conventional (pre-EURO)-Freight Transport,2.0,5.0,21.0,0.06261416931
1,9,10220.0,2,Road-PanelSideVan (truck)-Conventional (pre-EURO)-Freight Transport,2.0,5.0,21.0,0.06261416931
1,9,10220.0,3,Road-PanelSideVan (truck)-Conventional (pre-EURO)-Freight Transport,2.0,5.0,21.0,0.50091335448
1,9,10320.0,1,Road-PanelSideVan (truck)-Euro 1 (1992-96)-Freight Transport,2.0,5.0,21.0,0.26603572238
1,9,10320.0,2,Road-PanelSideVan (truck)-Euro 1 (1992-96)-Freight Transport,2.0,5.0,21.0,0.26603572238
1,9,10320.0,3,Road-PanelSideVan (truck)-Euro 1 (1992-96)-Freight Transport,2.0,5.0,21.0,0.13301786119
1,9,10410.0,1,Road-PanelSideVan (truck)-Euro 1 (1992-96)-Freight Transport,2.0,5.0,21.0,0.04495534094
1,9,10410.0,2,Road-PanelSideVan (truck)-Euro 1 (1992-96)-Freight Transport,2.0,5.0,21.0,0.04495534094
1,9,10410.0,3,Road-PanelSideVan (truck)-Euro 1 (1992-96)-Freight Transport,2.0,5.0,21.0,0.02247767047
1,9,10450.0,1,Road-PanelSideVan (truck)-Euro 1 (1992-96)-Freight Transport,2.0,5.0,21.0,0.0048211592
1,9,10450.0,2,Road-PanelSideVan (truck)-Euro 1 (1992-96)-Freight Transport,2.0,5.0,21.0,0.0048211592
1,9,10450.0,3,Road-PanelSideVan (truck)-Euro 1 (1992-96)-Freight Transport,2.0,5.0,21.0,0.0024105796
1,9,10451.0,1,Road-PanelSideVan (truck)-Euro 1 (1992-96)-Freight Transport,2.0,5.0,21.0,0.02270652736
1,9,10451.0,2,Road-PanelSideVan (truck)-Euro 1 (1992-96)-Freight Transport,2.0,5.0,21.0,0.02270652736
1,9,10451.0,3,Road-PanelSideVan (truck)-Euro 1 (1992-96)-Freight Transport,2.0,5.0,21.0,0.01135326368
1,9,10452.0,1,Road-PanelSideVan (truck)-Euro 2 (1996-2001)-Freight Transport,2.0,5.0,21.0,0.0048211592
1,9,10452.0,2,Road-PanelSideVan (truck)-Euro 2 (1996-2001)-Freight Transport,2.0,5.0,21.0,0.0048211592
1,9,10452.0,3,Road-PanelSideVan (truck)-Euro 2 (1996-2001)-Freight Transport,2.0,5.0,21.0,0.0024105796
1,9,10453.0,1,Road-PanelSideVan (truck)-Euro 3 (2001-05)-Freight Transport,2.0,5.0,21.0,0.0048211592
1,9,10453.0,2,Road-PanelSideVan (truck)-Euro 3 (2001-05)-Freight Transport,2.0,5.0,21.0,0.0048211592
1,9,10453.0,3,Road-PanelSideVan (truck)-Euro 3 (2001-05)-Freight Transport,2.0,5.0,21.0,0.0024105796
1,9,10471.0,1,Road-PanelSideVan (truck)-Euro 4 (2005-09)-Freight Transport,2.0,5.0,21.0,0.0048211592
1,9,10471.0,2,Road-PanelSideVan (truck)-Euro 4 (2005-09)-Freight Transport,2.0,5.0,21.0,0.0048211592
1,9,10471.0,3,Road-PanelSideVan (truck)-Euro 4 (2005-09)-Freight Transport,2.0,5.0,21.0,0.0024105796
1,9,10520.0,1,Road-Medium (truck)-Conventional (pre-EURO)-Freight Transport,2.0,5.0,22.0,0.021568941563525502
1,9,10520.0,2,Road-Medium (truck)-Conventional (pre-EURO)-Freight Transport,2.0,5.0,22.0,0.021568941563525502
1,9,10520.0,3,Road-Medium (truck)-Conventional (pre-EURO)-Freight Transport,2.0,5.0,22.0,0.1725515325082086
1,9,10530.0,1,Road-Medium (truck)-Euro 4 (2005-09)-Freight Transport,2.0,5.0,22.0,0.0073132978057142
1,9,10530.0,2,Road-Medium (truck)-Euro 4 (2005-09)-Freight Transport,2.0,5.0,22.0,0.0073132978057142
1,9,10530.0,3,Road-Medium (truck)-Euro 4 (2005-09)-Freight Transport,2.0,5.0,22.0,0.0585063824457142
1,9,10560.0,1,Road-Medium (truck)-Euro 1 (1992-96)-Freight Transport,2.0,5.0,22.0,0.0073132978057142
1,9,10560.0,2,Road-Medium (truck)-Euro 1 (1992-96)-Freight Transport,2.0,5.0,22.0,0.0073132978057142
1,9,10560.0,3,Road-Medium (truck)-Euro 1 (1992-96)-Freight Transport,2.0,5.0,22.0,0.0585063824457142
1,9,10570.0,1,Road-Medium (truck)-Euro 2 (1996-2001)-Freight Transport,2.0,5.0,22.0,0.0073132978057142
1,9,10570.0,2,Road-Medium (truck)-Euro 2 (1996-2001)-Freight Transport,2.0,5.0,22.0,0.0073132978057142
1,9,10570.0,3,Road-Medium (truck)-Euro 2 (1996-2001)-Freight Transport,2.0,5.0,22.0,0.0585063824457142
1,9,10590.0,1,Road-Medium (truck)-Euro 3 (2001-05)-Freight Transport,2.0,5.0,22.0,0.0073132978057142
1,9,10590.0,2,Road-Medium (truck)-Euro 3 (2001-05)-Freight Transport,2.0,5.0,22.0,0.0073132978057142
1,9,10590.0,3,Road-Medium (truck)-Euro 3 (2001-05)-Freight Transport,2.0,5.0,22.0,0.0585063824457142
1,9,10610.0,1,Road-Medium (truck)-Euro 4 (2005-09)-Freight Transport,2.0,5.0,22.0,0.0073132978057142
1,9,10610.0,2,Road-Medium (truck)-Euro 4 (2005-09)-Freight Transport,2.0,5.0,22.0,0.0073132978057142
1,9,10610.0,3,Road-Medium (truck)-Euro 4 (2005-09)-Freight Transport,2.0,5.0,22.0,0.0585063824457142
1,9,10616.0,1,Road-Medium (truck)-Conventional (pre-EURO)-Freight Transport,2.0,5.0,22.0,0.0125697484343759
1,9,10616.0,2,Road-Medium (truck)-Conventional (pre-EURO)-Freight Transport,2.0,5.0,22.0,0.0125697484343759
1,9,10616.0,3,Road-Medium (truck)-Conventional (pre-EURO)-Freight Transport,2.0,5.0,22.0,0.1005579874750079
1,9,10617.0,1,Road-Medium (truck)-Euro 1 (1992-96)-Freight Transport,2.0,5.0,22.0,0.0125697484343759
1,9,10617.0,2,Road-Medium (truck)-Euro 1 (1992-96)-Freight Transport,2.0,5.0,22.0,0.0125697484343759
1,9,10617.0,3,Road-Medium (truck)-Euro 1 (1992-96)-Freight Transport,2.0,5.0,22.0,0.1005579874750079
1,9,10618.0,1,Road-Medium (truck)-Euro 2 (1996-2001)-Freight Transport,2.0,5.0,22.0,0.0125697484343759
1,9,10618.0,2,Road-Medium (truck)-Euro 2 (1996-2001)-Freight Transport,2.0,5.0,22.0,0.0125697484343759
1,9,10618.0,3,Road-Medium (truck)-Euro 2 (1996-2001)-Freight Transport,2.0,5.0,22.0,0.1005579874750079
1,9,10619.0,1,Road-Medium (truck)-Euro 3 (2001-05)-Freight Transport,2.0,5.0,22.0,0.0125697484343759
1,9,10619.0,2,Road-Medium (truck)-Euro 3 (2001-05)-Freight Transport,2.0,5.0,22.0,0.0125697484343759
1,9,10619.0,3,Road-Medium (truck)-Euro 3 (2001-05)-Freight Transport,2.0,5.0,22.0,0.1005579874750079
1,9,10620.0,1,Road-Medium (truck)-Euro 4 (2005-09)-Freight Transport,2.0,5.0,22.0,0.0125697484343759
1,9,10620.0,2,Road-Medium (truck)-Euro 4 (2005-09)-Freight Transport,2.0,5.0,22.0,0.0125697484343759
1,9,10620.0,3,Road-Medium (truck)-Euro 4 (2005-09)-Freight Transport,2.0,5.0,22.0,0.1005579874750079
1,9,10640.0,1,Road-Heavy (truck)-Euro 5 (2009-14)-Freight Transport,2.0,5.0,23.0,0.0429636914752049
1,9,10640.0,2,Road-Heavy (truck)-Euro 5 (2009-14)-Freight Transport,2.0,5.0,23.0,0.0429636914752049
1,9,10640.0,3,Road-Heavy (truck)-Euro 5 (2009-14)-Freight Transport,2.0,5.0,23.0,0.3437095318016392
1,9,10670.0,1,Road-Heavy (truck)-Euro 3 (2001-05)-Freight Transport,2.0,5.0,23.0,3.22345500102e-05
1,9,10670.0,2,Road-Heavy (truck)-Euro 3 (2001-05)-Freight Transport,2.0,5.0,23.0,3.22345500102e-05
1,9,10670.0,3,Road-Heavy (truck)-Euro 3 (2001-05)-Freight Transport,2.0,5.0,23.0,0.0002578764000816
1,9,10682.0,1,Road-Heavy (truck)-Euro 4 (2005-09)-Freight Transport,2.0,5.0,23.0,3.22345500102e-05
1,9,10682.0,2,Road-Heavy (truck)-Euro 4 (2005-09)-Freight Transport,2.0,5.0,23.0,3.22345500102e-05
1,9,10682.0,3,Road-Heavy (truck)-Euro 4 (2005-09)-Freight Transport,2.0,5.0,23.0,0.0002578764000816
1,9,10690.0,1,Road-Heavy (truck)-Euro 6 (2015-19)-Freight Transport,2.0,5.0,23.0,0.0429636914752049
1,9,10690.0,2,Road-Heavy (truck)-Euro 6 (2015-19)-Freight Transport,2.0,5.0,23.0,0.0429636914752049
1,9,10690.0,3,Road-Heavy (truck)-Euro 6 (2015-19)-Freight Transport,2.0,5.0,23.0,0.3437095318016392
